algorithm_type,case_id,running_time,total_cost,holding_cost,penalty_cost,machine_cost,skill_cost,GAP,GAPoolingPercentGAP,num_clusters,num_used_servers,avg_num_servers_per_cluster,avg_num_skills_per_server,avg_cross_training_perf,total_stock,Case  ID,n_sku,n_initial_servers,util_rate,cost_hmin,holding_cost_work_load_relation,server_cost,cross_trainnig_cost
CIE_SA,Case: 0001,1097.64700007439,608738.385323317,58865.3783243878,19873.0069989295,400000,130000,3224.66776915989,0.532550737609255,3,4,1.33333333333333,3.25,32.5,88,1,10,5,0.65,1,IND,100,0.1
CIE_SA,Case: 0002,4493.11500000954,95316.6539619874,24132.8216856067,8583.83227638072,60000,2600,18138.5801376037,23.502245182845,5,6,1.2,4.33333333333333,21.6666666666667,63,2,20,5,0.65,1,IND,10,0.01
CIE_SA,Case: 0003,5265.78099989891,115271.36154344,16430.0228358704,4641.33870756932,90000,4200,2764.34787011756,2.45704492534499,2,9,4.5,4.66666666666667,46.6666666666667,69,3,10,10,0.65,1,IND,10,0.01
CIE_SA,Case: 0004,7767.35899996758,1186898.21398497,66215.1698833101,20683.044101659,800000,300000,-352862.547848651,-22.9167125565952,5,8,1.6,3.75,18.75,197,4,20,10,0.65,1,IND,100,0.1
CIE_SA,Case: 0005,1988.54600000381,97020.8361188668,15048.6669818984,5972.16913696837,60000,16000,-1762.09898550187,-1.78380909986136,4,6,1.5,2.66666666666667,26.6666666666667,56,5,10,5,0.8,1,IND,10,0.1
CIE_SA,Case: 0006,10615.3639998436,631598.013631666,85463.6702273245,26134.3434043418,500000,20000,45975.7138462016,7.85074507289838,5,5,1,4,20,217,6,20,5,0.8,1,IND,100,0.01
CIE_SA,Case: 0007,2750.79600000381,978989.467098633,38165.6805889417,10823.786509691,900000,30000,-17692.7481028958,-1.77516442382975,3,9,3,3.33333333333333,33.3333333333333,248,7,10,10,0.8,1,IND,100,0.01
CIE_SA,Case: 0008,8727.38100004196,183558.792568842,32041.8701057814,10516.9224630603,110000,31000,-1027.08505997463,-0.556426674222607,7,11,1.57142857142857,2.81818181818182,14.0909090909091,144,8,20,10,0.8,1,IND,10,0.1
CIE_SA,Case: 0009,2620.6740000248,68652.9294359596,12417.1977365637,3935.73169939589,50000,2300,1126.91691040818,1.66886340279868,2,5,2.5,4.6,46,2272,9,10,5,0.65,100,IND,10,0.01
CIE_SA,Case: 0010,2703.45499992371,760548.279781404,46341.0241876877,14207.2555937158,500000,200000,-77855.3633156716,-9.28614325053178,5,5,1,4,20,87,10,20,5,0.65,100,IND,100,0.1
CIE_SA,Case: 0011,1077.48200011253,1042867.63660163,87666.3657137152,25201.2708879182,800000,130000,-73446.6903200598,-6.5793915341563,6,8,1.33333333333333,1.625,16.25,158,11,10,10,0.65,100,IND,100,0.1
CIE_SA,Case: 0012,10321.1860001087,144416.913815234,29160.6575159767,9356.2562992568,100000,5900,4454.438450524,3.18259479115154,4,10,2.5,5.9,29.5,413,12,20,10,0.65,100,IND,10,0.01
CIE_SA,Case: 0013,2341.34700012207,650065.18667975,105332.129460177,29733.0572195733,500000,15000,51972.2821233985,8.68966706133223,3,5,1.66666666666667,3,30,171,13,10,5,0.8,100,IND,100,0.01
CIE_SA,Case: 0014,6107.61400008202,136124.934664309,25751.3767803733,7373.55788393545,80000,23000,-9737.86391142409,-6.67604351932692,7,8,1.14285714285714,2.875,14.375,51,14,20,5,0.8,100,IND,10,0.1
CIE_SA,Case: 0015,48070.6849999428,181559.058731602,30918.4923349505,7640.56639665138,120000,23000,4433.34852552804,2.50293902583094,5,12,2.4,1.91666666666667,19.1666666666667,121,15,10,10,0.8,100,IND,10,0.1
CIE_SA,Case: 0016,11909.5509998798,1121570.74551645,62783.3173974944,17787.4281189585,1000000,41000,-26690.4577741167,-2.32442389393893,5,10,2,4.1,20.5,159,16,20,10,0.8,100,IND,100,0.01
CIE_SA,Case: 0017,1732.9240000248,452394.421052352,31159.6603615991,7234.76069075247,400000,14000,-5084.44737910928,-1.11140595335958,3,4,1.33333333333333,3.5,35,154,17,10,5,0.65,1,HPB,100,0.01
CIE_SA,Case: 0018,2776.01200008392,98407.4350393166,13078.2400984831,5329.19494083346,60000,20000,-2942.33346126434,-2.90314768824309,6,6,1,3.33333333333333,16.6666666666667,61,18,20,5,0.65,1,HPB,10,0.1
CIE_SA,Case: 0019,2177.79099988937,142770.271565723,18094.2524952379,4676.01907048537,100000,20000,-9781.11009171233,-6.4116824019834,5,10,2,2,20,66,19,10,10,0.65,1,HPB,10,0.1
CIE_SA,Case: 0020,3400.92299985886,910227.521130044,70509.5259156509,17717.9952143932,800000,22000,-87931.4956500853,-8.809367462685,7,8,1.14285714285714,2.75,13.75,214,20,20,10,0.65,1,HPB,100,0.01
CIE_SA,Case: 0021,2470.47900009155,73042.6530484327,15566.1840011718,5876.46904726085,50000,1600,4477.89535382473,6.53089940719922,3,5,1.66666666666667,3.2,32,69,21,10,5,0.8,1,HPB,10,0.01
CIE_SA,Case: 0022,9032.5640001297,836357.76612221,26898.7585447834,9459.00757742665,600000,200000,-73114.7900646065,-8.03925193423735,6,6,1,3.33333333333333,16.6666666666667,110,22,20,5,0.8,1,HPB,100,0.1
CIE_SA,Case: 0023,806.069000005722,1135294.80179175,65989.7657160892,19305.0360756564,900000,150000,-52416.9989642412,-4.41327592526044,6,9,1.5,1.66666666666667,16.6666666666667,307,23,10,10,0.8,1,HPB,100,0.1
CIE_SA,Case: 0024,8831.62399983406,145453.760227059,22981.1895074904,7372.57071956846,110000,5100,5772.9368371758,4.13294874491263,5,11,2.2,4.63636363636364,23.1818181818182,103,24,20,10,0.8,1,HPB,10,0.01
CIE_SA,Case: 0025,883.792000055313,83746.5247208499,10093.9488972855,3652.57582356445,60000,10000,3403.56025811365,4.23628911488852,6,6,1,1.66666666666667,16.6666666666667,43,25,10,5,0.65,100,HPB,10,0.1
CIE_SA,Case: 0026,5825.3630001545,548604.631170849,22827.7419244855,5776.88924636324,500000,20000,-12877.5443434758,-2.2934912104164,5,5,1,4,20,84,26,20,5,0.65,100,HPB,100,0.01
CIE_SA,Case: 0027,4172.6740000248,850871.068031432,100677.052369942,24194.01566149,700000,26000,-120407.712096133,-12.3968230913394,3,7,2.33333333333333,3.71428571428571,37.1428571428571,299,27,10,10,0.65,100,HPB,100,0.01
CIE_SA,Case: 0028,4980.38799977303,170010.539342752,24556.5051322024,7454.03421054916,110000,28000,-20311.1551074622,-10.6720125449363,8,11,1.375,2.54545454545455,12.7272727272727,87,28,20,10,0.65,100,HPB,10,0.1
CIE_SA,Case: 0029,1233.89100003243,684365.878165435,51409.507956293,12956.3702091419,500000,120000,3109.0784936219,0.456373939330904,4,5,1.25,2.4,24,183,29,10,5,0.8,100,HPB,100,0.1
CIE_SA,Case: 0030,6008.9509999752,96438.5875633639,18411.9804637262,5226.60709963767,70000,2800,7609.52055970562,8.56647583542923,5,7,1.4,4,20,54,30,20,5,0.8,100,HPB,10,0.01
CIE_SA,Case: 0031,4869.60700011253,144352.093074399,24657.0157172959,6495.07735710276,110000,3200,5441.74768935479,3.91745314164389,4,11,2.75,2.90909090909091,29.0909090909091,120,31,10,10,0.8,100,HPB,10,0.01
CIE_SA,Case: 0032,4769.08899998665,1329323.58146336,79874.901865803,19448.6795975565,1000000,230000,-182292.122865047,-12.0594224010154,8,10,1.25,2.3,11.5,269,32,20,10,0.8,100,HPB,100,0.1
CIE_SA,Case: 0033,13914.4379999638,148351.004485104,25662.5283684972,7688.4761166069,110000,5000,10757.8014466726,7.81855586548695,5,11,2.2,4.54545454545455,22.7272727272727,93,33,20,10,0.8,100,HPB,10,0.01
CIE_SA,Case: 0034,2051.77600002289,1201087.60790145,72603.2208553264,18484.3870461221,900000,210000,-58824.11234732,-4.66890746406464,4,9,2.25,2.33333333333333,23.3333333333333,211,34,10,10,0.8,100,HPB,100,0.1
CIE_SA,Case: 0035,3861.76799988747,849619.854645577,38997.9239029958,10621.9307425808,600000,200000,-31930.9361756754,-3.62213232727391,6,6,1,3.33333333333333,16.6666666666667,152,35,20,5,0.8,100,HPB,100,0.1
CIE_SA,Case: 0036,2806.25800013542,76882.0106419283,18176.2216304194,5605.78901150897,50000,3100,5913.03962620834,8.33186608397995,2,5,2.5,6.2,62,56,36,10,5,0.8,100,HPB,10,0.01
CIE_SA,Case: 0037,5092.25999999046,890663.427326742,51511.8278514445,13151.5994752977,800000,26000,-195032.113100166,-17.9637942533574,6,8,1.33333333333333,3.25,16.25,205,37,20,10,0.65,100,HPB,100,0.01
CIE_SA,Case: 0038,1878.0529999733,145862.317141519,29947.5446819115,8914.77245960715,90000,17000,-6275.90705601539,-4.12513494824736,5,9,1.8,1.88888888888889,18.8888888888889,92,38,10,10,0.65,100,HPB,10,0.1
CIE_SA,Case: 0039,6159.22200012207,108441.591431362,17870.5782562487,8571.01317511294,60000,22000,-10682.3652050833,-8.96743653141482,5,6,1.2,3.66666666666667,18.3333333333333,50,39,20,5,0.65,100,HPB,10,0.1
CIE_SA,Case: 0040,1194.18700003624,498507.741942365,69013.2468292429,18494.4951131215,400000,11000,4129.63702422677,0.835319562728326,3,4,1.33333333333333,2.75,27.5,149,40,10,5,0.65,100,HPB,100,0.01
CIE_SA,Case: 0041,7201.50999999046,1314935.77209203,41892.1145223718,13043.6575696625,1000000,260000,-235151.491041278,-15.1702098736008,7,10,1.42857142857143,2.6,13,182,41,20,10,0.8,1,HPB,100,0.1
CIE_SA,Case: 0042,3816.64100003242,130636.371895992,21921.6957908958,6514.67610509606,100000,2200,4485.36723461907,3.55555411283418,4,10,2.5,2.2,22,108,42,10,10,0.8,1,HPB,10,0.01
CIE_SA,Case: 0043,7575.94099998474,90892.2272108577,14243.9365782243,4648.29063263347,70000,2000,12035.6827422717,15.2627569764566,7,7,1,2.85714285714286,14.2857142857143,86,43,20,5,0.8,1,HPB,10,0.01
CIE_SA,Case: 0044,1644.64400005341,654353.253938441,27316.1725651357,7037.08137330494,500000,120000,-42514.0304917971,-6.10073559796351,4,5,1.25,2.4,24,128,44,10,5,0.8,1,HPB,100,0.1
CIE_SA,Case: 0045,3768.1859998703,152119.851607145,29321.6041597055,7798.24744743909,90000,25000,-30524.2155260792,-16.712404626762,7,9,1.28571428571429,2.77777777777778,13.8888888888889,164,45,20,10,0.65,1,HPB,10,0.1
CIE_SA,Case: 0046,2512.38900017738,847222.049262959,21301.9727890503,5920.07647390871,800000,20000,-101552.039055176,-10.7035004755657,3,8,2.66666666666667,2.5,25,149,46,10,10,0.65,1,HPB,100,0.01
CIE_SA,Case: 0047,2268.0110001564,585048.336940586,49924.8305762152,15123.5063643712,500000,20000,28281.2899430469,5.07955528179308,5,5,1,4,20,156,47,20,5,0.65,1,HPB,100,0.01
CIE_SA,Case: 0048,1344.67999982834,84117.4189993865,8903.29615945487,3214.12283993165,60000,12000,2294.60885422537,2.80436329448295,5,6,1.2,2,20,49,48,10,5,0.65,1,HPB,10,0.1
CIE_SA,Case: 0049,4790.05100011826,198382.153802903,44022.6362921741,12359.5175107284,110000,32000,-17350.6154953075,-8.04264254881166,7,11,1.57142857142857,2.90909090909091,14.5454545454545,106,49,20,10,0.8,100,IND,10,0.1
CIE_SA,Case: 0050,8736.57400012016,1107176.94592563,62660.9123722649,16516.0335533696,1000000,28000,109286.029181318,10.9517009672631,4,10,2.5,2.8,28,220,50,10,10,0.8,100,IND,100,0.01
CIE_SA,Case: 0051,6961.36800003052,671317.719553742,34438.383762046,12879.3357916961,600000,24000,84490.8168125852,14.3979112780815,5,6,1.2,4,20,70,51,20,5,0.8,100,IND,100,0.01
CIE_SA,Case: 0052,2411.33899998665,114032.741602625,26750.0380700309,8282.70353259413,60000,19000,510.124271534121,0.449359152851748,3,6,2,3.16666666666667,31.6666666666667,41,52,10,5,0.8,100,IND,10,0.1
CIE_SA,Case: 0053,5186.03200006485,1136513.22841012,90557.8699063358,25955.3585037796,800000,220000,-279883.112470257,-19.760225608624,7,8,1.14285714285714,2.75,13.75,231,53,20,10,0.65,100,IND,100,0.1
CIE_SA,Case: 0054,5364.77700018883,122345.890515169,22575.5899116018,6570.30060356721,90000,3200,419.758903991926,0.344273125412146,3,9,3,3.55555555555556,35.5555555555556,71,54,10,10,0.65,100,IND,10,0.01
CIE_SA,Case: 0055,5997.34100008011,108477.200210634,21331.6289838445,11545.5712267898,70000,5600,18954.7159157874,21.1731343975655,4,7,1.75,8,40,70,55,20,5,0.65,100,IND,10,0.01
CIE_SA,Case: 0056,1259.86100006104,625795.886300876,76504.0352710034,19291.8510298723,400000,130000,-96528.8794962433,-13.3636397458585,3,4,1.33333333333333,3.25,32.5,158,56,10,5,0.65,100,IND,100,0.1
CIE_SA,Case: 0057,10447.1449999809,1102401.26078465,49395.2030871554,14006.0576974954,1000000,39000,-11480.3023686486,-1.03065736505674,5,10,2,3.9,19.5,137,57,20,10,0.8,1,IND,100,0.01
CIE_SA,Case: 0058,2957.71399998665,173289.907918774,35231.1903932805,10058.7175254932,100000,28000,1969.83842831349,1.14980015719827,4,10,2.5,2.8,28,88,58,10,10,0.8,1,IND,10,0.1
CIE_SA,Case: 0059,4872.13999986649,125794.98886855,25175.277017027,7619.7118515228,70000,23000,-3849.84384076243,-2.9695312650019,6,7,1.16666666666667,3.28571428571429,16.4285714285714,64,59,20,5,0.8,1,IND,10,0.1
CIE_SA,Case: 0060,1775.48799991608,551448.123705695,28047.1034628387,8401.02024285584,500000,15000,-341.313497620984,-0.061855750510719,3,5,1.66666666666667,3,30,71,60,10,5,0.8,1,IND,100,0.01
CIE_SA,Case: 0061,11076.7409999371,148078.905833908,26815.2396815282,7263.66615237936,110000,4000,13051.7869821232,9.66604863757024,7,11,1.57142857142857,3.63636363636364,18.1818181818182,132,61,20,10,0.65,1,IND,10,0.01
CIE_SA,Case: 0062,1170.3140001297,1025287.16577215,34570.7073622948,10716.458409855,800000,180000,-177161.620942459,-14.7334026113918,4,8,2,2.25,22.5,107,62,10,10,0.65,1,IND,100,0.1
CIE_SA,Case: 0063,2297.49399995804,738580.946071403,29442.4092900145,9138.53678138814,500000,200000,-71536.7386031387,-8.8304131555748,5,5,1,4,20,97,63,20,5,0.65,1,IND,100,0.1
CIE_SA,Case: 0064,2119.86800003052,82238.2091829247,15616.7776678289,4221.43151509582,60000,2400,9804.82633317746,13.5363363513149,3,6,2,4,40,216,64,10,5,0.65,1,IND,10,0.01
CIE_SA,Case: 0065,1715.79300022125,93836.4931122429,14570.2172497628,4266.27586248012,60000,15000,6396.55454648122,7.31536944261518,4,6,1.5,2.5,25,37,65,10,5,0.65,1,IND,10,0.1
CIE_SA,Case: 0066,6796.29500007629,165942.242090469,42236.821636395,10705.4204540737,90000,23000,-22828.4379721096,-12.0932117024433,7,9,1.28571428571429,2.55555555555556,12.7777777777778,121,66,20,10,0.65,1,IND,10,0.1
CIE_SA,Case: 0067,2563.25300002098,81399.6433124596,14658.8563077449,3740.78700471477,60000,3000,4790.58425431882,6.25328690002981,2,6,3,5,50,186,67,10,5,0.8,1,IND,10,0.01
CIE_SA,Case: 0068,19408.2030000687,166077.749570945,28479.8329533761,11197.9166175694,120000,6400,13980.0653793574,9.19150442931632,4,12,3,5.33333333333333,26.6666666666667,114,68,20,10,0.8,1,IND,10,0.01
CIE_SA,Case: 0069,6409.31500005722,112519.072612818,24997.7912431468,7521.28136967126,60000,20000,-12531.6189189939,-10.0212312027127,6,6,1,3.33333333333333,16.6666666666667,54,69,20,5,0.65,100,IND,10,0.1
CIE_SA,Case: 0070,4862.46000003815,162125.520336276,36918.5117508951,9207.00858538096,90000,26000,3844.90778124952,2.42917165860275,4,9,2.25,2.88888888888889,28.8888888888889,173,70,10,10,0.65,100,IND,10,0.1
CIE_SA,Case: 0071,6333.71199989319,102180.978721978,21270.4871752122,7110.49154676591,70000,3800,7433.90796733298,7.84605572301403,4,7,1.75,5.42857142857143,27.1428571428571,125,71,20,5,0.8,100,IND,10,0.01
CIE_SA,Case: 0072,10195.3340001106,144180.899620316,29233.6185614802,8747.28105883627,100000,6200,6856.6878309077,4.99306549191971,2,10,5,6.2,62,135,72,10,10,0.8,100,IND,10,0.01
CIE_SA,Case: 0073,2276.03600001335,62440.0118642102,8589.26699953603,2250.74486467415,50000,1600,1649.72969862671,2.71380496990144,3,5,1.66666666666667,3.2,32,46,73,10,5,0.65,1,HPB,10,0.01
CIE_SA,Case: 0074,10270.2239999771,122047.712132923,19633.5175854473,7414.19454747534,90000,5000,-2312.54164611349,-1.85955043982334,4,9,2.25,5.55555555555556,27.7777777777778,81,74,20,10,0.65,1,HPB,10,0.01
CIE_SA,Case: 0075,1961.81599998474,88630.6894266693,11253.253468588,3377.43595808128,60000,14000,1245.83301136833,1.42568525311462,4,6,1.5,2.33333333333333,23.3333333333333,58,75,10,5,0.8,1,HPB,10,0.1
CIE_SA,Case: 0076,5880.85799980164,172398.887725174,26753.7276023083,8645.16012286566,110000,27000,-16453.0421519381,-8.71213874417076,8,11,1.375,2.45454545454545,12.2727272727273,138,76,20,10,0.8,1,HPB,10,0.1
CIE_SA,Case: 0077,6719.13699984551,82679.0236494787,14288.8458309765,6390.17781850217,60000,2000,10289.8016460615,14.2145492951641,6,6,1,3.33333333333333,16.6666666666667,52,77,20,5,0.65,100,HPB,10,0.01
CIE_SA,Case: 0078,4340.9470000267,108776.349718932,18496.0366624898,6280.31305644207,80000,4000,-2002.62742021034,-1.80776847009065,2,8,4,5,50,60,78,10,10,0.65,100,HPB,10,0.01
CIE_SA,Case: 0079,4628.55700016022,129091.527970127,22576.9952551653,6514.53271496224,80000,20000,-9538.83380436023,-6.88076816814285,8,8,1,2.5,12.5,67,79,20,5,0.8,100,HPB,10,0.1
CIE_SA,Case: 0080,1782.56799983978,164064.461002335,23523.4912381703,6540.96976416465,110000,24000,8251.81360859276,5.29598447020814,5,11,2.2,2.18181818181818,21.8181818181818,83,80,10,10,0.8,100,HPB,10,0.1
CIE_SA,Case: 0081,1883.65299987793,474644.264988648,47914.8720694234,12729.3929192242,400000,14000,12472.5777424203,2.69868927210494,3,4,1.33333333333333,3.5,35,110,81,10,5,0.65,1,IND,100,0.01
CIE_SA,Case: 0082,5797.19199991226,944285.315526881,90845.0787105729,25440.2368163079,800000,28000,-145512.612994159,-13.3522563390843,6,8,1.33333333333333,3.5,17.5,193,82,20,10,0.65,1,IND,100,0.01
CIE_SA,Case: 0083,961.110000133514,698102.211458925,76416.0623019703,21686.1491569544,500000,100000,-15536.0029336137,-2.17701387345663,5,5,1,2,20,164,83,10,5,0.8,1,IND,100,0.1
CIE_SA,Case: 0084,3130.51400017738,1354131.06784389,107023.960386953,27107.1074569368,1000000,220000,-234582.718156195,-14.7655745310051,9,10,1.11111111111111,2.2,11,321,84,20,10,0.8,1,IND,100,0.1
CIE_SA,Case: 0085,5626.67199993134,566120.545322,36011.5443443636,10109.000977636,500000,20000,-6667.62435561209,-1.16406460687987,5,5,1,4,20,71,85,20,5,0.65,100,IND,100,0.01
CIE_SA,Case: 0086,1469.27100014687,887186.313439088,47491.8435501698,12694.469888918,800000,27000,-91710.5105386339,-9.36876168072245,3,8,2.66666666666667,3.375,33.75,107,86,10,10,0.65,100,IND,100,0.01
CIE_SA,Case: 0087,2352.68600010872,867775.941437312,53569.7329982146,14206.2084390969,600000,200000,-32928.1923029033,-3.65582782063711,6,6,1,3.33333333333333,16.6666666666667,118,87,20,5,0.8,100,IND,100,0.1
CIE_SA,Case: 0088,2273.40799999237,1223011.35482003,96347.1472435869,26664.2075764453,900000,200000,-40290.5884471103,-3.18930788176507,4,9,2.25,2.22222222222222,22.2222222222222,182,88,10,10,0.8,100,IND,100,0.1
CIE_SA,Case: 0089,1483.007999897,631233.280532609,24922.4343944148,6310.84613819405,500000,100000,-30986.5426728323,-4.67919285817261,5,5,1,2,20,117,89,10,5,0.65,1,HPB,100,0.1
CIE_SA,Case: 0090,9626.91199994087,1169688.82545189,39194.125324994,10494.7001268999,900000,220000,-347490.319762851,-22.9037105379976,8,9,1.125,2.44444444444444,12.2222222222222,167,90,20,10,0.65,1,HPB,100,0.1
CIE_SA,Case: 0091,1957.1819999218,532690.147466547,13631.6870618248,3058.46040472166,500000,16000,-335.54429782473,-0.062950867661565,3,5,1.66666666666667,3.2,32,75,91,10,5,0.8,1,HPB,100,0.01
CIE_SA,Case: 0092,8500.21200013161,1093895.12844757,51627.6860746163,14267.4423729506,1000000,28000,-8404.23539137724,-0.762427673196514,7,10,1.42857142857143,2.8,14,220,92,20,10,0.8,1,HPB,100,0.01
CIE_SA,Case: 0093,6396.88300013542,746557.077617731,36785.6032276502,9771.47439008035,500000,200000,-122579.58555858,-14.1036031215857,5,5,1,4,20,117,93,20,5,0.65,100,HPB,100,0.1
CIE_SA,Case: 0094,1153.85099983215,1009961.79920713,39384.3873938887,10577.4118132432,800000,160000,-74960.7299939147,-6.90931637755895,4,8,2,2,20,116,94,10,10,0.65,100,HPB,100,0.1
CIE_SA,Case: 0095,7970.56599998474,655958.056214064,27326.4771657245,8631.57904833892,600000,20000,50754.4810921625,8.38634852445138,6,6,1,3.33333333333333,16.6666666666667,105,95,20,5,0.8,100,HPB,100,0.01
CIE_SA,Case: 0096,2689.88700008392,1002599.76682135,63956.5406867472,16643.2261346001,900000,22000,5659.72333729907,0.567709500113949,4,9,2.25,2.44444444444444,24.4444444444444,212,96,10,10,0.8,100,HPB,100,0.01
CIE_SA,Case: 0097,8629.26900005341,103078.469949005,22675.5979590457,7402.87198995878,70000,3000,9656.46266760638,10.3363896244704,5,7,1.4,4.28571428571429,21.4285714285714,831,97,20,5,0.8,1,IND,10,0.01
CIE_SA,Case: 0098,4534.73000001907,137449.185005236,26097.515483102,7951.66952213406,100000,3400,3502.95055295236,2.61519151118819,3,10,3.33333333333333,3.4,34,95,98,10,10,0.8,1,IND,10,0.01
CIE_SA,Case: 0099,4946.75300002098,83110.5195651546,13342.4690114714,6768.0505536832,60000,3000,3271.18052935095,4.09720392084409,2,6,3,5,50,95,99,10,5,0.8,100,IND,10,0.01
CIE_SA,Case: 0100,13651.0930001736,177961.709869887,40697.1065069045,10764.6033629824,120000,6500,7239.15346677729,4.24030287461501,5,12,2.4,5.41666666666667,27.0833333333333,140,100,20,10,0.8,100,IND,10,0.01
CIE_SA,Case: 0101,4263.10899996758,76529.6431861339,18777.7941677877,5751.84901834624,50000,2000,7771.43919577358,11.302562813978,5,5,1,4,20,91,101,20,5,0.65,1,HPB,10,0.01
CIE_SA,Case: 0102,4916.91199994087,102505.159819059,14339.8504154613,4165.30940359729,80000,4000,-3425.92740172306,-3.23410954386104,2,8,4,5,50,70,102,10,10,0.65,1,HPB,10,0.01
CIE_SA,Case: 0103,1915.82500004768,68990.4484756637,12255.4304525785,4935.01802308511,50000,1800,3690.52681837595,5.65165581322574,3,5,1.66666666666667,3.6,36,49,103,10,5,0.65,100,HPB,10,0.01
CIE_SA,Case: 0104,16685.4200000763,124038.199025362,22318.6248510043,6519.57417435749,90000,5200,-2920.25931385258,-2.30016916718544,4,9,2.25,5.77777777777778,28.8888888888889,71,104,20,10,0.65,100,HPB,10,0.01
CIE_SA,Case: 0105,3968.96099996567,564015.321607304,32749.3337210315,11265.9878862722,500000,20000,-6915.01929712226,-1.21118441282486,5,5,1,4,20,79,105,20,5,0.65,1,IND,100,0.01
CIE_SA,Case: 0106,2840.02400016785,868423.933325083,33646.7930362541,9777.14028882858,800000,25000,-98601.6491381454,-10.1963847623333,3,8,2.66666666666667,3.125,31.25,79,106,10,10,0.65,1,IND,100,0.01
CIE_SA,Case: 0107,1481.49000000954,457354.062316446,30352.9218288412,9001.14048760477,400000,18000,-24856.4693923429,-5.15469235071663,2,4,2,4.5,45,59,107,10,5,0.65,100,IND,100,0.01
CIE_SA,Case: 0108,7489.73000001907,982771.401128013,125810.151428962,32961.2496990511,800000,24000,-127244.791681634,-11.4633275177324,7,8,1.14285714285714,3,15,220,108,20,10,0.65,100,IND,100,0.01
CIE_SA,Case: 0109,9593.87199997902,581078.685507322,45223.8144801604,12854.8710271617,500000,23000,2263.13043316046,0.390993367977213,4,5,1.25,4.6,23,145,109,20,5,0.8,1,HPB,100,0.01
CIE_SA,Case: 0110,1679.07400012016,1066834.73455113,38854.2758525431,8980.45869858547,1000000,19000,58201.3335719606,5.77031590620135,5,10,2,1.9,19,158,110,10,10,0.8,1,HPB,100,0.01
CIE_SA,Case: 0111,2023.24699997902,557748.785363647,30484.5005636809,9264.28479996569,500000,18000,8911.73113555962,1.62374808094791,3,5,1.66666666666667,3.6,36,87,111,10,5,0.8,100,HPB,100,0.01
CIE_SA,Case: 0112,6894.15100002289,1062866.2249036,101533.052214689,27333.1726889158,900000,34000,-31601.2472078016,-2.88736285116246,6,9,1.5,3.77777777777778,18.8888888888889,301,112,20,10,0.8,100,HPB,100,0.01
CIE_SA,Case: 0113,8616.36199998856,114388.642295997,22543.8477983223,7844.79449767471,60000,24000,1517.96231360571,1.34486858220622,5,6,1.2,4,20,46,113,20,5,0.65,1,IND,10,0.1
CIE_SA,Case: 0114,2791.03199982643,162934.57551491,34912.3083490536,10022.2671658561,100000,18000,-2509.89225941375,-1.51706025180449,6,10,1.66666666666667,1.8,18,63,114,10,10,0.65,1,IND,10,0.1
CIE_SA,Case: 0115,1274.22600007057,94955.2348680145,16476.4395273629,5478.79534065157,60000,13000,2147.76434597038,2.31421493753591,4,6,1.5,2.16666666666667,21.6666666666667,143,115,10,5,0.65,100,IND,10,0.1
CIE_SA,Case: 0116,5786.54399991035,182896.695797536,38368.152957442,12528.5428400937,100000,32000,-21551.5214287036,-10.5413105191595,6,10,1.66666666666667,3.2,16,65,116,20,10,0.65,100,IND,10,0.1
CIE_SA,Case: 0117,3817.22699999809,112968.686938086,17543.7832936155,5424.90364447038,70000,20000,-28540.0844825471,-20.1684207954234,7,7,1,2.85714285714286,14.2857142857143,84,117,20,5,0.8,1,HPB,10,0.1
CIE_SA,Case: 0118,2784.76600003242,161279.721105817,24628.9105297125,5650.81057610465,110000,21000,-3978.72140255224,-2.40757527552684,5,11,2.2,1.90909090909091,19.0909090909091,107,118,10,10,0.8,1,HPB,10,0.1
CIE_SA,Case: 0119,2095.01200008392,97590.9238634537,18530.6046196522,4060.31924380145,60000,15000,-4671.33943579966,-4.56799926491923,4,6,1.5,2.5,25,54,119,10,5,0.8,100,HPB,10,0.1
CIE_SA,Case: 0120,4133.77800011635,189924.640409374,32884.5420479704,9040.09836140314,120000,28000,-2002.66543991363,-1.04344998282123,8,12,1.5,2.33333333333333,11.6666666666667,103,120,20,10,0.8,100,HPB,10,0.1
CIE_SA,Case: 0121,5907.29099988937,857354.576152752,44501.6070145333,12852.9691382185,600000,200000,-12927.3185575593,-1.48541738442834,6,6,1,3.33333333333333,16.6666666666667,85,121,20,5,0.8,1,IND,100,0.1
CIE_SA,Case: 0122,1739.07899999619,1269080.23112664,133356.468820542,35723.7623060942,900000,200000,588.637273041997,0.046404507203217,5,9,1.8,2.22222222222222,22.2222222222222,195,122,10,10,0.8,1,IND,100,0.1
CIE_SA,Case: 0123,908.651000022888,678682.128215149,45136.9617630066,13545.166452142,500000,120000,-22815.0118089414,-3.25233140767443,4,5,1.25,2.4,24,100,123,10,5,0.8,100,IND,100,0.1
CIE_SA,Case: 0124,10015.6689999104,1382316.53294201,96753.9638056868,25562.5691363229,1000000,260000,-326047.049980815,-19.0853430288524,7,10,1.42857142857143,2.6,13,180,124,20,10,0.8,100,IND,100,0.1
CIE_SA,Case: 0125,3727.75900006294,745457.059409355,34959.5357667477,10497.523642607,500000,200000,-73986.4225598616,-9.02886217144149,5,5,1,4,20,142,125,20,5,0.65,1,HPB,100,0.1
CIE_SA,Case: 0126,2318.03299999237,1041854.30840224,33090.6976864199,8763.61071581623,800000,200000,-144108.741904454,-12.1511999777049,3,8,2.66666666666667,2.5,25,120,126,10,10,0.65,1,HPB,100,0.1
CIE_SA,Case: 0127,1495.36600017548,571686.665993384,33089.7970886896,8596.86890469471,400000,130000,14148.533673523,2.53767999951005,3,4,1.33333333333333,3.25,32.5,82,127,10,5,0.65,100,HPB,100,0.1
CIE_SA,Case: 0128,4913.71700000763,1099709.71697943,62323.6207657433,17386.0962136829,800000,220000,-442636.135350191,-28.6988897257782,7,8,1.14285714285714,2.75,13.75,186,128,20,10,0.65,100,HPB,100,0.1
MSSA,Case: 0001,10111.5898320674,608738.385323317,58865.3783243878,19873.0069989295,400000,130000,3224.66776915988,0.532550737609255,3,4,1.33333333333333,3.25,32.5,88,1,10,5,0.65,1,IND,100,0.1
MSSA,Case: 0002,69457.7356240749,83241.6250075549,17861.6508884334,7679.97411912141,50000,7700,6063.55118317125,7.85657231737692,2,5,2.5,15.4,77,130,2,20,5,0.65,1,IND,10,0.01
MSSA,Case: 0003,89181.5881869793,115573.597196374,19795.4535042233,7778.14369215103,80000,8000,3066.58352305216,2.72568209121287,1,8,8,10,100,167,3,10,10,0.65,1,IND,10,0.01
MSSA,Case: 0004,29839.0933060646,1219776.1918986,46149.3872525146,13626.8046460858,900000,260000,-319984.569935019,-20.7814472135246,6,9,1.5,2.88888888888889,14.4444444444444,189,4,20,10,0.65,1,IND,100,0.1
MSSA,Case: 0005,5482.99514412879,97020.8361188667,15048.6669818984,5972.16913696836,60000,16000,-1762.09898550187,-1.78380909986136,4,6,1.5,2.66666666666667,26.6666666666667,56,5,10,5,0.8,1,IND,10,0.1
MSSA,Case: 0006,42275.2647578716,594462.506864274,34425.780968343,12036.7258959315,500000,48000,8840.20707880985,1.50954071968371,2,5,2.5,9.6,48,80,6,20,5,0.8,1,IND,100,0.01
MSSA,Case: 0007,20665.9107649326,978989.467098632,38165.6805889416,10823.786509691,900000,30000,-17692.7481028958,-1.77516442382974,3,9,3,3.33333333333333,33.3333333333333,248,7,10,10,0.8,1,IND,100,0.01
MSSA,Case: 0008,33667.0174500942,183535.064192693,31890.6187542347,10644.4454384584,110000,31000,-1050.81343612301,-0.569281599232688,7,11,1.57142857142857,2.81818181818182,14.0909090909091,143,8,20,10,0.8,1,IND,10,0.1
MSSA,Case: 0009,5027.2281551361,68652.9294359595,12417.1977365636,3935.73169939589,50000,2300,1126.91691040819,1.6688634027987,2,5,2.5,4.6,46,2272,9,10,5,0.65,100,IND,10,0.01
MSSA,Case: 0010,27127.805701971,752044.229772471,38465.7493958243,13578.4803766474,500000,200000,-86359.4133246032,-10.3004577849388,5,5,1,4,20,73,10,20,5,0.65,100,IND,100,0.1
MSSA,Case: 0011,3227.19792199134,1042867.63660163,87666.3657137151,25201.2708879182,800000,130000,-73446.6903200597,-6.5793915341563,6,8,1.33333333333333,1.625,16.25,158,11,10,10,0.65,100,IND,100,0.1
MSSA,Case: 0012,424081.834886074,144480.430560165,31381.894572206,10098.5359879596,90000,13000,4517.95519545613,3.22797605835663,2,9,4.5,14.4444444444444,72.2222222222222,107,12,20,10,0.65,100,IND,10,0.01
MSSA,Case: 0013,8890.32991504669,611169.01251547,70262.918917855,24906.093597615,500000,16000,13076.1079591183,2.18630046594814,3,5,1.66666666666667,3.2,32,105,13,10,5,0.8,100,IND,100,0.01
MSSA,Case: 0014,42594.4797739982,131043.026949433,27966.6403475397,9076.38660189341,70000,24000,-14819.7716262996,-10.1600762984162,6,7,1.16666666666667,3.42857142857143,17.1428571428571,55,14,20,5,0.8,100,IND,10,0.1
MSSA,Case: 0015,2559.52384495735,85454.3116365189,16684.5023287194,5769.80930779948,50000,13000,-91671.3985695549,-51.7549928030783,4,5,1.25,2.6,26,31,15,10,10,0.8,100,IND,10,0.1
MSSA,Case: 0016,146724.045212984,1116697.53695826,54200.0007108984,15497.5362473673,1000000,47000,-31563.6663323037,-2.74882284987525,4,10,2.5,4.7,23.5,121,16,20,10,0.8,100,IND,100,0.01
MSSA,Case: 0017,11428.3080728054,460493.198339137,30491.4036198197,10001.7947193176,400000,20000,3014.32990767661,0.658900359269428,2,4,2,5,50,101,17,10,5,0.65,1,HPB,100,0.01
MSSA,Case: 0018,33138.6279180049,95789.2872588035,11276.9671756114,4512.32008319201,60000,20000,-5560.4812417774,-5.48642717594913,6,6,1,3.33333333333333,16.6666666666667,51,18,20,5,0.65,1,HPB,10,0.1
MSSA,Case: 0019,15408.8500611782,142770.271565723,18094.2524952379,4676.01907048536,100000,20000,-9781.11009171232,-6.41168240198339,5,10,2,2,20,66,19,10,10,0.65,1,HPB,10,0.1
MSSA,Case: 0020,72225.6208589077,892598.167234626,41661.8765580021,10936.2906766247,800000,40000,-105560.849545502,-10.5755543726912,4,8,2,5,25,154,20,20,10,0.65,1,HPB,100,0.01
MSSA,Case: 0021,6939.79514122009,70954.1379953429,13376.7136697006,4777.42432564225,50000,2800,2389.38030073497,3.48485195758649,2,5,2.5,5.6,56,65,21,10,5,0.8,1,HPB,10,0.01
MSSA,Case: 0022,24999.5759570598,836357.76612221,26898.7585447834,9459.00757742664,600000,200000,-73114.7900646064,-8.03925193423734,6,6,1,3.33333333333333,16.6666666666667,110,22,20,5,0.8,1,HPB,100,0.1
MSSA,Case: 0023,2623.11788678169,1135294.80179174,65989.7657160892,19305.0360756563,900000,150000,-52416.998964241,-4.41327592526042,6,9,1.5,1.66666666666667,16.6666666666667,307,23,10,10,0.8,1,HPB,100,0.1
MSSA,Case: 0024,144927.007463932,146360.619605837,25906.8906049629,8053.7290008744,100000,12400,6679.79621595426,4.78218559559126,3,10,3.33333333333333,12.4,62,205,24,20,10,0.8,1,HPB,10,0.01
MSSA,Case: 0025,1003.58052492141,83746.5247208499,10093.9488972855,3652.57582356444,60000,10000,3403.56025811364,4.23628911488851,6,6,1,1.66666666666667,16.6666666666667,43,25,10,5,0.65,100,HPB,10,0.1
MSSA,Case: 0026,10746.101377964,495926.790471232,28995.578529668,10931.2119415639,400000,56000,-65555.3850430925,-11.675416941427,2,4,2,14,70,91,26,20,5,0.65,100,HPB,100,0.01
MSSA,Case: 0027,17401.5759677886,850871.068031434,100677.052369942,24194.0156614913,700000,26000,-120407.712096131,-12.3968230913392,3,7,2.33333333333333,3.71428571428571,37.1428571428571,299,27,10,10,0.65,100,HPB,100,0.01
MSSA,Case: 0028,15041.365669012,166995.871643163,32839.5454074209,10156.326235743,100000,24000,-23325.8228070498,-12.2559978642642,8,10,1.25,2.4,12,116,28,20,10,0.65,100,HPB,10,0.1
MSSA,Case: 0029,2117.49007797241,684365.878165434,51409.5079562929,12956.3702091418,500000,120000,3109.07849362201,0.456373939330921,4,5,1.25,2.4,24,183,29,10,5,0.8,100,HPB,100,0.1
MSSA,Case: 0030,41855.2434678077,91317.2305982742,16910.9239498505,7006.30664842363,60000,7400,2488.16359461599,2.80106915286358,2,6,3,12.3333333333333,61.6666666666667,89,30,20,5,0.8,100,HPB,10,0.01
MSSA,Case: 0031,41359.735560894,144095.013493542,32267.8827470881,9227.13074645475,100000,2600,5184.66810849902,3.73238443409503,4,10,2.5,2.6,26,104,31,10,10,0.8,100,HPB,10,0.01
MSSA,Case: 0032,16119.9858739376,1329323.58146335,79874.901865803,19448.6795975565,1000000,230000,-182292.122865047,-12.0594224010154,8,10,1.25,2.3,11.5,269,32,20,10,0.8,100,HPB,100,0.1
MSSA,Case: 0033,126040.394050121,141495.953631695,25496.4789708514,7999.47466084431,100000,8000,3902.75059326432,2.83644141358802,3,10,3.33333333333333,8,40,98,33,20,10,0.8,100,HPB,10,0.01
MSSA,Case: 0034,6845.01371407508,1201087.60790144,72603.2208553264,18484.3870461222,900000,210000,-58824.1123473199,-4.66890746406463,4,9,2.25,2.33333333333333,23.3333333333333,211,34,10,10,0.8,100,HPB,100,0.1
MSSA,Case: 0035,25047.9819738864,768688.844270703,52191.1383662718,16497.7059044311,500000,200000,-112861.946550549,-12.802659554693,5,5,1,4,20,177,35,20,5,0.8,100,HPB,100,0.1
MSSA,Case: 0036,8950.96016693115,74453.2817851328,15077.6538633822,4375.62792175058,50000,5000,3484.31076941284,4.9096256005192,1,5,5,10,100,41,36,10,5,0.8,100,HPB,10,0.01
MSSA,Case: 0037,77672.5078780651,879385.413444076,40193.1011731167,10192.3122709594,800000,29000,-206310.126982832,-19.002576624908,5,8,1.6,3.625,18.125,152,37,20,10,0.65,100,HPB,100,0.01
MSSA,Case: 0038,11026.0300130844,144903.175979547,25776.6054899864,7126.57048956055,90000,22000,-7235.048217987,-4.75557556698776,4,9,2.25,2.44444444444444,24.4444444444444,81,38,10,10,0.65,100,HPB,10,0.1
MSSA,Case: 0039,24758.4141609668,107570.05237488,25390.125953466,7179.9264214144,50000,25000,-11553.9042615645,-9.69906019561283,4,5,1.25,5,25,76,39,20,5,0.65,100,HPB,10,0.1
MSSA,Case: 0040,4016.61473703384,478073.04903586,48633.6857778656,13439.3632579948,400000,16000,-16305.0558822771,-3.29809425621246,2,4,2,4,40,91,40,10,5,0.65,100,HPB,100,0.01
MSSA,Case: 0041,52313.2584888935,1315036.7455651,42179.0266035889,12857.7189615182,1000000,260000,-235050.517568205,-15.1636958227164,7,10,1.42857142857143,2.6,13,183,41,20,10,0.8,1,HPB,100,0.1
MSSA,Case: 0042,34342.9161300659,130636.371895991,21921.6957908957,6514.67610509604,100000,2200,4485.36723461907,3.55555411283417,4,10,2.5,2.2,22,108,42,10,10,0.8,1,HPB,10,0.01
MSSA,Case: 0043,45700.1566770076,85443.2487840562,8071.54283055797,5371.70595349828,60000,12000,6586.70431547025,8.35276813086096,1,6,6,20,100,106,43,20,5,0.8,1,HPB,10,0.01
MSSA,Case: 0044,5111.31971406936,654353.25393844,27316.1725651356,7037.0813733049,500000,120000,-42514.0304917971,-6.10073559796351,4,5,1.25,2.4,24,128,44,10,5,0.8,1,HPB,100,0.1
MSSA,Case: 0045,43125.338547945,151328.69145917,27951.2137321568,8377.47772701406,90000,25000,-31315.3756740529,-17.145575087972,7,9,1.28571428571429,2.77777777777778,13.8888888888889,164,45,20,10,0.65,1,HPB,10,0.1
MSSA,Case: 0046,20921.0150010585,803916.251227745,55629.3486698585,15286.9025578871,700000,33000,-144857.837090389,-15.2678955795656,2,7,3.5,4.71428571428571,47.1428571428571,256,46,10,10,0.65,1,HPB,100,0.01
MSSA,Case: 0047,24799.516880989,470156.544998155,26342.6654154555,8813.87958270035,400000,35000,-86610.5019993837,-15.5559677007548,3,4,1.33333333333333,8.75,43.75,115,47,20,5,0.65,1,HPB,100,0.01
MSSA,Case: 0048,2305.44079613685,84117.4189993865,8903.29615945487,3214.12283993165,60000,12000,2294.60885422537,2.80436329448295,5,6,1.2,2,20,49,48,10,5,0.65,1,HPB,10,0.1
MSSA,Case: 0049,90333.2702779769,199565.347045623,37478.4603684464,10086.8866771767,120000,32000,-16167.4222525869,-7.49418936454595,7,12,1.71428571428571,2.66666666666667,13.3333333333333,85,49,20,10,0.8,100,IND,10,0.1
MSSA,Case: 0050,114640.791883945,1109080.53499609,67044.0936515723,18036.4413445246,1000000,24000,111189.61825178,11.142462205643,4,10,2.5,2.4,24,219,50,10,10,0.8,100,IND,100,0.01
MSSA,Case: 0051,33105.6728928089,601718.398609741,40041.384216704,12677.014393037,500000,49000,14891.4958685841,2.53763005735144,2,5,2.5,9.8,49,81,51,20,5,0.8,100,IND,100,0.01
MSSA,Case: 0052,10370.8990461826,114032.741602625,26750.0380700308,8282.70353259413,60000,19000,510.124271534121,0.449359152851747,3,6,2,3.16666666666667,31.6666666666667,41,52,10,5,0.8,100,IND,10,0.1
MSSA,Case: 0053,32194.9496409893,1115816.54056845,73672.6410200884,22143.8995483642,800000,220000,-300579.800311919,-21.2214471074594,7,8,1.14285714285714,2.75,13.75,191,53,20,10,0.65,100,IND,100,0.1
MSSA,Case: 0054,41361.294257164,122345.890515169,22575.5899116018,6570.30060356721,90000,3200,419.75890399194,0.344273125412157,3,9,3,3.55555555555556,35.5555555555556,71,54,10,10,0.65,100,IND,10,0.01
MSSA,Case: 0055,38346.2464179992,96342.351734672,17503.6259796813,6838.72575499069,60000,12000,6819.8674398252,7.61804980452019,1,6,6,20,100,145,55,20,5,0.65,100,IND,10,0.01
MSSA,Case: 0056,3657.70565295219,655988.409848464,44554.9632510593,11433.4465974047,500000,100000,-66336.3559486549,-9.18372996327347,5,5,1,2,20,64,56,10,5,0.65,100,IND,100,0.1
MSSA,Case: 0057,169077.636823892,1081211.28813201,94128.9475874318,25082.3405445824,900000,62000,-32670.2750212848,-2.933011560834,4,9,2.25,6.88888888888889,34.4444444444444,318,57,20,10,0.8,1,IND,100,0.01
MSSA,Case: 0058,14442.3520910739,173409.727759854,31620.6374968302,8789.09026302416,110000,23000,2089.65826939421,1.21973933095478,5,11,2.2,2.09090909090909,20.9090909090909,177,58,10,10,0.8,1,IND,10,0.1
MSSA,Case: 0059,21439.8534400463,125794.988868549,25175.2770170269,7619.71185152279,70000,23000,-3849.84384076243,-2.96953126500189,6,7,1.16666666666667,3.28571428571429,16.4285714285714,64,59,20,5,0.8,1,IND,10,0.1
MSSA,Case: 0060,5413.59523916244,551448.123705694,28047.1034628387,8401.02024285584,500000,15000,-341.313497620984,-0.061855750510719,3,5,1.66666666666667,3,30,71,60,10,5,0.8,1,IND,100,0.01
MSSA,Case: 0061,294497.256722927,139709.303914356,31526.8505977318,9582.45331662469,90000,8600,4682.18506257224,3.46758866099465,3,9,3,9.55555555555556,47.7777777777778,264,61,20,10,0.65,1,IND,10,0.01
MSSA,Case: 0062,3382.82666611671,1025287.16577214,34570.7073622948,10716.458409855,800000,180000,-177161.620942458,-14.7334026113917,4,8,2,2.25,22.5,107,62,10,10,0.65,1,IND,100,0.1
MSSA,Case: 0063,18537.2385818958,734444.194265983,26540.9476680856,7903.24659789782,500000,200000,-75673.490408558,-9.34104906486016,5,5,1,4,20,89,63,20,5,0.65,1,IND,100,0.1
MSSA,Case: 0064,14902.7115039825,80402.3779634046,13125.1045689114,3677.27339449325,60000,3600,7968.99511365743,11.0018265061401,2,6,3,6,60,114,64,10,5,0.65,1,IND,10,0.01
MSSA,Case: 0065,1855.11164021492,93985.1649233998,17411.2995343802,4573.86538901955,60000,12000,6545.2263576381,7.48539679349795,5,6,1.2,2,20,40,65,10,5,0.65,1,IND,10,0.1
MSSA,Case: 0066,234923.720668792,163852.821759553,31692.6188016514,10160.2029579023,90000,32000,-24917.8583030246,-13.2000680904281,5,9,1.8,3.55555555555556,17.7777777777778,81,66,20,10,0.65,1,IND,10,0.1
MSSA,Case: 0067,5788.19606304168,78561.3455605368,18024.0193859125,5537.32617462435,50000,5000,1952.28650239607,2.54837551380761,1,5,5,10,100,42,67,10,5,0.8,1,IND,10,0.01
MSSA,Case: 0068,112389.050683975,162724.931827322,31415.8754092049,11309.0564181171,100000,20000,10627.247635734,6.98711995006286,1,10,10,20,100,1454,68,20,10,0.8,1,IND,10,0.01
MSSA,Case: 0069,12727.6297848224,112277.019518021,25370.2867572452,6906.73276077594,60000,20000,-12773.6720137907,-10.2147951821131,6,6,1,3.33333333333333,16.6666666666667,55,69,20,5,0.65,100,IND,10,0.1
MSSA,Case: 0070,20216.114472866,162125.520336276,36918.5117508951,9207.00858538094,90000,26000,3844.90778124949,2.42917165860272,4,9,2.25,2.88888888888889,28.8888888888889,173,70,10,10,0.65,100,IND,10,0.1
MSSA,Case: 0071,22682.1538789272,97292.8943237358,18467.4357509469,6825.4585727889,60000,12000,2545.82356909071,2.68696810235255,1,6,6,20,100,65,71,20,5,0.8,100,IND,10,0.01
MSSA,Case: 0072,38396.753428936,144388.721882966,25856.419105192,8532.30277777477,100000,10000,7064.51009355808,5.14440243384884,1,10,10,10,100,94,72,10,10,0.8,100,IND,10,0.01
MSSA,Case: 0073,7717.6493730545,61866.4795479468,6844.48363188533,2221.99591606153,50000,2800,1076.19738236341,1.77034444326483,2,5,2.5,5.6,56,336,73,10,5,0.65,1,HPB,10,0.01
MSSA,Case: 0074,153144.314665794,122602.199137419,16629.3479428309,6472.85119458889,90000,9500,-1758.05464161626,-1.41367887905728,2,9,4.5,10.5555555555556,52.7777777777778,106,74,20,10,0.65,1,HPB,10,0.01
MSSA,Case: 0075,2925.86441206932,85184.1781402185,16291.1408631752,3893.03727704332,50000,15000,-2200.67827508239,-2.51837488251231,3,5,1.66666666666667,3,30,77,75,10,5,0.8,1,HPB,10,0.1
MSSA,Case: 0076,19355.7609620094,172066.241304437,24873.118057023,10193.1232474142,110000,27000,-16785.6885726747,-8.88828013756456,8,11,1.375,2.45454545454545,12.2727272727273,139,76,20,10,0.8,1,HPB,10,0.1
MSSA,Case: 0077,12593.7511630058,77605.6527059036,11663.1877777059,5942.46492819772,50000,10000,5216.43070248651,7.20608753363901,1,5,5,20,100,83,77,20,5,0.65,100,HPB,10,0.01
MSSA,Case: 0078,20456.7891669273,112985.489447162,18985.6787274443,5999.8107197178,80000,8000,2206.51230801988,1.99181502213044,1,8,8,10,100,123,78,10,10,0.65,100,HPB,10,0.01
MSSA,Case: 0079,8797.73090696334,129091.527970127,22576.9952551652,6514.53271496224,80000,20000,-9538.83380436022,-6.88076816814285,8,8,1,2.5,12.5,67,79,20,5,0.8,100,HPB,10,0.1
MSSA,Case: 0080,2867.09370398521,164064.461002334,23523.4912381702,6540.96976416464,110000,24000,8251.81360859272,5.29598447020812,5,11,2.2,2.18181818181818,21.8181818181818,83,80,10,10,0.8,100,HPB,10,0.1
MSSA,Case: 0081,3303.97967505455,471925.910484109,36166.2984222058,9759.61206190394,400000,26000,9754.22323788254,2.11051942536797,2,4,2,6.5,65,94,81,10,5,0.65,1,IND,100,0.01
MSSA,Case: 0082,64348.4176440238,912088.560429639,53818.579245426,16269.9811842135,800000,42000,-177709.3680914,-16.3066347843557,4,8,2,5.25,26.25,130,82,20,10,0.65,1,IND,100,0.01
MSSA,Case: 0083,1595.46075296401,698102.211458924,76416.0623019702,21686.1491569544,500000,100000,-15536.0029336136,-2.17701387345661,5,5,1,2,20,164,83,10,5,0.8,1,IND,100,0.1
MSSA,Case: 0084,8329.37293291092,1339302.78357117,95240.6146835059,24062.1688876649,1000000,220000,-249411.002428914,-15.6989260511711,9,10,1.11111111111111,2.2,11,302,84,20,10,0.8,1,IND,100,0.1
MSSA,Case: 0085,14197.8483381271,494185.812180355,46488.7665877875,14697.0455925681,400000,33000,-78602.3574972559,-13.7227620363556,3,4,1.33333333333333,8.25,41.25,96,85,20,5,0.65,100,IND,100,0.01
MSSA,Case: 0086,9346.83709096908,882990.340744386,45552.5725911055,11437.7681532805,800000,26000,-95906.4832333356,-9.79740467883246,3,8,2.66666666666667,3.25,32.5,93,86,10,10,0.65,100,IND,100,0.01
MSSA,Case: 0087,12403.3019659519,851803.943436249,40300.9184195919,11503.0250166574,600000,200000,-48900.1903039653,-5.42910690338514,6,6,1,3.33333333333333,16.6666666666667,95,87,20,5,0.8,100,IND,100,0.1
MSSA,Case: 0088,5029.32353305816,1223011.35482003,96347.1472435869,26664.207576445,900000,200000,-40290.5884471104,-3.18930788176508,4,9,2.25,2.22222222222222,22.2222222222222,182,88,10,10,0.8,100,IND,100,0.1
MSSA,Case: 0089,1469.64902901649,634627.249141713,27046.8699532648,7580.37918844817,500000,100000,-27592.574063728,-4.1666789632131,5,5,1,2,20,110,89,10,5,0.65,1,HPB,100,0.1
MSSA,Case: 0090,14392.0075070858,1098258.4101801,59985.4552959077,18272.9548842002,800000,220000,-418920.735034637,-27.6118173886012,7,8,1.14285714285714,2.75,13.75,239,90,20,10,0.65,1,HPB,100,0.1
MSSA,Case: 0091,3484.31306195259,532690.147466546,13631.6870618248,3058.46040472166,500000,16000,-335.54429782473,-0.062950867661565,3,5,1.66666666666667,3.2,32,75,91,10,5,0.8,1,HPB,100,0.01
MSSA,Case: 0092,38894.5407938957,1107501.62494034,57730.9886969936,15770.6362433542,1000000,34000,5202.26110140397,0.471946303523773,6,10,1.66666666666667,3.4,17,291,92,20,10,0.8,1,HPB,100,0.01
MSSA,Case: 0093,12484.7164740562,663138.486475187,49278.998215662,13859.4882595259,400000,200000,-205998.176701122,-23.7014712908658,4,4,1,5,25,144,93,20,5,0.65,100,HPB,100,0.1
MSSA,Case: 0094,3128.21122288703,1009961.79920713,39384.3873938886,10577.4118132431,800000,160000,-74960.7299939147,-6.90931637755895,4,8,2,2,20,116,94,10,10,0.65,100,HPB,100,0.1
MSSA,Case: 0095,8499.43426203727,611253.078352117,51377.6652349003,15875.4131172172,500000,44000,6049.50323021656,0.999581542293114,2,5,2.5,8.8,44,187,95,20,5,0.8,100,HPB,100,0.01
MSSA,Case: 0096,12515.5788381099,992536.724966706,52212.2782264932,13324.446740213,900000,27000,-4403.31851734174,-0.44168338368206,4,9,2.25,3,30,192,96,10,10,0.8,100,HPB,100,0.01
MSSA,Case: 0097,22021.4339339733,96557.3152662384,18068.9916447894,6488.32362144899,60000,12000,3135.30798484032,3.35607002683683,1,6,6,20,100,83,97,20,5,0.8,1,IND,10,0.01
MSSA,Case: 0098,32411.7850010395,137449.185005236,26097.515483102,7951.66952213406,100000,3400,3502.95055295235,2.61519151118819,3,10,3.33333333333333,3.4,34,95,98,10,10,0.8,1,IND,10,0.01
MSSA,Case: 0099,9103.84666490554,82257.7687331829,11095.4865841673,5162.28214901563,60000,6000,2418.42969737932,3.02912038925421,1,6,6,10,100,95,99,10,5,0.8,100,IND,10,0.01
MSSA,Case: 0100,336484.701066017,171466.725302837,38735.9114674368,11630.8138354003,110000,11100,744.16889972749,0.4358937186779,4,11,2.75,10.0909090909091,50.4545454545455,97,100,20,10,0.8,100,IND,10,0.01
MSSA,Case: 0101,14076.5706689357,75112.3218539418,8433.46188348749,6678.8599704544,50000,10000,6354.11786358153,9.24125049059215,1,5,5,20,100,129,101,20,5,0.65,1,HPB,10,0.01
MSSA,Case: 0102,16834.0558228492,102505.159819058,14339.8504154613,4165.30940359728,80000,4000,-3425.92740172306,-3.23410954386104,2,8,4,5,50,70,102,10,10,0.65,1,HPB,10,0.01
MSSA,Case: 0103,3283.10046315193,66862.2170063221,10644.0719803324,4018.14502598969,50000,2200,1562.29534903444,2.39249191941425,3,5,1.66666666666667,4.4,44,42,103,10,5,0.65,100,HPB,10,0.01
MSSA,Case: 0104,148958.076996088,120886.796305917,25554.9348759201,7331.86142999745,80000,8000,-6071.66203329681,-4.78240056843965,2,8,4,10,50,84,104,20,10,0.65,100,HPB,10,0.01
MSSA,Case: 0105,4868.3179218769,543797.959453557,44434.995740022,19362.963713535,400000,80000,-27132.3814508689,-4.75231030950076,1,4,4,20,100,132,105,20,5,0.65,1,IND,100,0.01
MSSA,Case: 0106,5547.8767850399,868423.933325082,33646.793036254,9777.14028882857,800000,25000,-98601.6491381453,-10.1963847623332,3,8,2.66666666666667,3.125,31.25,79,106,10,10,0.65,1,IND,100,0.01
MSSA,Case: 0107,1987.14148283004,494832.074767843,41143.4136162447,13688.6611515987,400000,40000,12621.5430590546,2.61743413490539,1,4,4,10,100,92,107,10,5,0.65,100,IND,100,0.01
MSSA,Case: 0108,96137.6941969394,965860.682899165,66369.6049337261,19491.0779654393,800000,80000,-144155.509910481,-12.9867934219588,3,8,2.66666666666667,10,50,103,108,20,10,0.65,100,IND,100,0.01
MSSA,Case: 0109,14481.2885680198,596548.64996012,29353.8327224052,9194.81723771557,500000,58000,17733.0948859592,3.06368664948667,2,5,2.5,11.6,58,107,109,20,5,0.8,1,HPB,100,0.01
MSSA,Case: 0110,31559.8746478557,1015147.29887205,48724.2615812342,14423.037290825,900000,52000,6513.89789289131,0.645814216202607,2,9,4.5,5.77777777777778,57.7777777777778,172,110,10,10,0.8,1,HPB,100,0.01
MSSA,Case: 0111,6155.7479019165,557748.785363646,30484.5005636809,9264.28479996567,500000,18000,8911.73113555961,1.62374808094791,3,5,1.66666666666667,3.6,36,87,111,10,5,0.8,100,HPB,100,0.01
MSSA,Case: 0112,44233.2202370166,1033746.85746281,66037.785510314,17709.0719525043,900000,50000,-60720.6146485876,-5.54795973346267,4,9,2.25,5.55555555555556,27.7777777777778,209,112,20,10,0.8,100,HPB,100,0.01
MSSA,Case: 0113,7229.81989693641,111256.192510998,30729.0485977292,7527.14391326895,50000,23000,-1614.48747139313,-1.43038694517035,4,5,1.25,4.6,23,61,113,20,5,0.65,1,IND,10,0.1
MSSA,Case: 0114,2974.09427213668,162934.575514909,34912.3083490535,10022.267165856,100000,18000,-2509.89225941378,-1.51706025180451,6,10,1.66666666666667,1.8,18,63,114,10,10,0.65,1,IND,10,0.1
MSSA,Case: 0115,5660.27365398407,92760.8510065414,20754.2990332042,7006.5519733372,50000,15000,-46.6195155026944,-0.050232503095342,3,5,1.66666666666667,3,30,43,115,10,5,0.65,100,IND,10,0.1
MSSA,Case: 0116,23263.1835768222,182814.338877831,39278.7408933745,11535.5979844569,100000,32000,-21633.8783484077,-10.5815930517349,6,10,1.66666666666667,3.2,16,68,116,20,10,0.65,100,IND,10,0.1
MSSA,Case: 0117,16811.2006189823,111607.318696385,15882.8324822402,5724.48621414506,70000,20000,-29901.4527242476,-21.1304588571163,7,7,1,2.85714285714286,14.2857142857143,77,117,20,5,0.8,1,HPB,10,0.1
MSSA,Case: 0118,5063.66663718223,161279.721105817,24628.9105297125,5650.81057610465,110000,21000,-3978.72140255224,-2.40757527552684,5,11,2.2,1.90909090909091,19.0909090909091,107,118,10,10,0.8,1,HPB,10,0.1
MSSA,Case: 0119,2190.43436288833,97590.9238634536,18530.6046196522,4060.31924380144,60000,15000,-4671.33943579965,-4.56799926491923,4,6,1.5,2.5,25,54,119,10,5,0.8,100,HPB,10,0.1
MSSA,Case: 0120,13748.8249249458,188452.83131214,32602.9627268397,8849.86858530099,120000,27000,-3474.47453714645,-1.81030756502923,8,12,1.5,2.25,11.25,102,120,20,10,0.8,100,HPB,10,0.1
MSSA,Case: 0121,9434.53927087783,792912.824524737,70347.2187302251,22565.6057945126,500000,200000,-77369.0701855731,-8.89011602514457,5,5,1,4,20,160,121,20,5,0.8,1,IND,100,0.1
MSSA,Case: 0122,1885.67351698875,1281655.09224608,80311.5153828342,21343.5768632537,1000000,180000,13163.4983924941,1.03772846870071,6,10,1.66666666666667,1.8,18,125,122,10,10,0.8,1,IND,100,0.1
MSSA,Case: 0123,3247.91286301612,678682.128215148,45136.9617630065,13545.166452142,500000,120000,-22815.0118089413,-3.25233140767443,4,5,1.25,2.4,24,100,123,10,5,0.8,100,IND,100,0.1
MSSA,Case: 0124,37686.7869038581,1380105.53536795,93988.664003459,26116.871364498,1000000,260000,-328258.047554867,-19.2147649854051,7,10,1.42857142857143,2.6,13,183,124,20,10,0.8,100,IND,100,0.1
MSSA,Case: 0125,11839.7416050434,734660.837555025,25946.2358546748,8714.60170035111,500000,200000,-84782.6444141903,-10.3463687587639,5,5,1,4,20,125,125,20,5,0.65,1,HPB,100,0.1
MSSA,Case: 0126,8464.71633505821,1041854.30840223,33090.6976864198,8763.61071581635,800000,200000,-144108.741904454,-12.1511999777048,3,8,2.66666666666667,2.5,25,120,126,10,10,0.65,1,HPB,100,0.1
MSSA,Case: 0127,1681.23247599601,571686.665993384,33089.7970886895,8596.86890469468,400000,130000,14148.5336735228,2.53767999951002,3,4,1.33333333333333,3.25,32.5,82,127,10,5,0.65,100,HPB,100,0.1
MSSA,Case: 0128,10518.2301039695,1094798.39038249,58098.2332900394,16700.1570924599,800000,220000,-447547.461947118,-29.0173219755559,7,8,1.14285714285714,2.75,13.75,174,128,20,10,0.65,100,HPB,100,0.1
MSSA_Inner,Case: 0001,352.257891178131,608738.385323317,58865.3783243878,19873.0069989295,400000,130000,3224.66776915989,0.532550737609255,3,4,1.33333333333333,3.25,32.5,88,1,10,5,0.65,1,IND,100,0.1
MSSA_Inner,Case: 0002,6045.67247104645,81713.8301074006,17471.5025459329,6842.32756146762,50000,7400,4535.75628301688,5.8770011458667,2,5,2.5,14.8,74,84,2,20,5,0.65,1,IND,10,0.01
MSSA_Inner,Case: 0003,29601.5696489811,115573.597196374,19795.4535042233,7778.1436921511,80000,8000,3066.58352305224,2.72568209121294,1,8,8,10,100,167,3,10,10,0.65,1,IND,10,0.01
MSSA_Inner,Case: 0004,4003.37952589989,1221376.27561667,47822.4004211727,13553.8751954984,900000,260000,-318384.486216949,-20.6775295298343,6,9,1.5,2.88888888888889,14.4444444444444,105,4,20,10,0.65,1,IND,100,0.1
MSSA_Inner,Case: 0005,659.02087688446,97020.8361188668,15048.6669818984,5972.16913696837,60000,16000,-1762.09898550187,-1.78380909986136,4,6,1.5,2.66666666666667,26.6666666666667,56,5,10,5,0.8,1,IND,10,0.1
MSSA_Inner,Case: 0006,5872.44886898994,609200.777131155,58202.3807283946,17998.3964027605,500000,33000,23578.4773456904,4.02622600852598,4,5,1.25,6.6,33,123,6,20,5,0.8,1,IND,100,0.01
MSSA_Inner,Case: 0007,2695.70623707771,978989.467098633,38165.6805889417,10823.786509691,900000,30000,-17692.7481028958,-1.77516442382975,3,9,3,3.33333333333333,33.3333333333333,248,7,10,10,0.8,1,IND,100,0.01
MSSA_Inner,Case: 0008,3278.59679102898,183646.649194959,32226.1543991145,10420.4947958449,110000,31000,-939.228433856915,-0.508830061065457,7,11,1.57142857142857,2.81818181818182,14.0909090909091,135,8,20,10,0.8,1,IND,10,0.1
MSSA_Inner,Case: 0009,1049.64615607262,68652.9294359596,12417.1977365637,3935.7316993959,50000,2300,1126.91691040818,1.66886340279868,2,5,2.5,4.6,46,2272,9,10,5,0.65,100,IND,10,0.01
MSSA_Inner,Case: 0010,5743.18496894836,675347.705822186,57652.5327571423,17695.1730650441,400000,200000,-163055.937274889,-19.4483812919226,4,4,1,5,25,116,10,20,5,0.65,100,IND,100,0.1
MSSA_Inner,Case: 0011,317.214868783951,1042867.63660163,87666.3657137152,25201.2708879182,800000,130000,-73446.6903200597,-6.57939153415629,6,8,1.33333333333333,1.625,16.25,158,11,10,10,0.65,100,IND,100,0.1
MSSA_Inner,Case: 0012,412954.406129122,141767.076330814,32603.0139454815,9964.06238533238,90000,9200,1804.60096610434,1.28934627756616,3,9,3,10.2222222222222,51.1111111111111,113,12,20,10,0.65,100,IND,10,0.01
MSSA_Inner,Case: 0013,556.657009124756,611169.01251547,70262.918917855,24906.093597615,500000,16000,13076.1079591183,2.18630046594815,3,5,1.66666666666667,3.2,32,105,13,10,5,0.8,100,IND,100,0.01
MSSA_Inner,Case: 0014,3608.85351800919,131973.296343491,29592.4069919807,8380.88935151017,70000,24000,-13889.502232242,-9.52230614513436,6,7,1.16666666666667,3.42857142857143,17.1428571428571,58,14,20,5,0.8,100,IND,10,0.1
MSSA_Inner,Case: 0015,73016.1696779728,181559.058731602,30918.4923349505,7640.56639665138,120000,23000,4433.34852552804,2.50293902583094,5,12,2.4,1.91666666666667,19.1666666666667,121,15,10,10,0.8,100,IND,10,0.1
MSSA_Inner,Case: 0016,33890.2783470154,1120740.80863571,63986.5082056536,18754.3004300576,1000000,38000,-27520.3946548584,-2.39670160203909,5,10,2,3.8,19,142,16,20,10,0.8,100,IND,100,0.01
MSSA_Inner,Case: 0017,759.074013948441,445857.193811038,19167.5955883523,4689.59822268533,400000,22000,-11621.6746204232,-2.54037408553316,2,4,2,5.5,55,88,17,10,5,0.65,1,HPB,100,0.01
MSSA_Inner,Case: 0018,3942.22258591652,89499.0794759184,13219.5377721446,6279.54170377376,50000,20000,-11850.6890246625,-11.6928624504896,5,5,1,4,20,63,18,20,5,0.65,1,HPB,10,0.1
MSSA_Inner,Case: 0019,1294.71312904358,142770.271565723,18094.2524952379,4676.01907048537,100000,20000,-9781.11009171233,-6.4116824019834,5,10,2,2,20,66,19,10,10,0.65,1,HPB,10,0.1
MSSA_Inner,Case: 0020,3326.23114800453,878770.24144917,87006.6781143777,24763.5633347925,700000,67000,-119388.775330959,-11.9608973444016,2,7,3.5,9.57142857142857,47.8571428571429,261,20,20,10,0.65,1,HPB,100,0.01
MSSA_Inner,Case: 0021,934.390058040619,73042.6530484327,15566.1840011718,5876.46904726085,50000,1600,4477.89535382473,6.53089940719922,3,5,1.66666666666667,3.2,32,69,21,10,5,0.8,1,HPB,10,0.01
MSSA_Inner,Case: 0022,8502.57882905006,836855.961672661,27395.1734691191,9460.78820354156,600000,200000,-72616.5945141559,-7.9844734203546,6,6,1,3.33333333333333,16.6666666666667,111,22,20,5,0.8,1,HPB,100,0.1
MSSA_Inner,Case: 0023,439.436629056931,1135294.80179175,65989.7657160892,19305.0360756564,900000,150000,-52416.9989642412,-4.41327592526044,6,9,1.5,1.66666666666667,16.6666666666667,307,23,10,10,0.8,1,HPB,100,0.1
MSSA_Inner,Case: 0024,163452.041195869,151580.199060653,18371.6773519308,8508.52170872229,110000,14700,11899.37567077,8.5189758923141,3,11,3.66666666666667,13.3636363636364,66.8181818181818,133,24,20,10,0.8,1,HPB,10,0.01
MSSA_Inner,Case: 0025,404.600131988525,82532.7972833839,14557.7042042834,4975.09307910048,50000,13000,2189.8328206476,2.7256061999844,4,5,1.25,2.6,26,65,25,10,5,0.65,100,HPB,10,0.1
MSSA_Inner,Case: 0026,4205.65199899674,495926.790471232,28995.5785296681,10931.2119415639,400000,56000,-65555.3850430925,-11.675416941427,2,4,2,14,70,91,26,20,5,0.65,100,HPB,100,0.01
MSSA_Inner,Case: 0027,1260.11487102509,850871.068031434,100677.052369942,24194.0156614912,700000,26000,-120407.712096132,-12.3968230913392,3,7,2.33333333333333,3.71428571428571,37.1428571428571,299,27,10,10,0.65,100,HPB,100,0.01
MSSA_Inner,Case: 0028,2398.62794399261,173089.094649301,29499.0520505567,9590.04259874425,110000,24000,-17232.5998009128,-9.05445900463056,9,11,1.22222222222222,2.18181818181818,10.9090909090909,99,28,20,10,0.65,100,HPB,10,0.1
MSSA_Inner,Case: 0029,630.042624950409,684365.878165435,51409.507956293,12956.3702091419,500000,120000,3109.0784936219,0.456373939330904,4,5,1.25,2.4,24,183,29,10,5,0.8,100,HPB,100,0.1
MSSA_Inner,Case: 0030,12937.5784580708,91317.2305982742,16910.9239498506,7006.30664842365,60000,7400,2488.16359461599,2.80106915286358,2,6,3,12.3333333333333,61.6666666666667,89,30,20,5,0.8,100,HPB,10,0.01
MSSA_Inner,Case: 0031,6902.62857699394,144352.093074399,24657.0157172959,6495.07735710276,110000,3200,5441.74768935479,3.91745314164389,4,11,2.75,2.90909090909091,29.0909090909091,120,31,10,10,0.8,100,HPB,10,0.01
MSSA_Inner,Case: 0032,2123.98217988014,1353662.6578811,98591.6872255506,25070.9706555444,1000000,230000,-157953.046447312,-10.4492858862887,8,10,1.25,2.3,11.5,288,32,20,10,0.8,100,HPB,100,0.1
MSSA_Inner,Case: 0033,41648.5373289585,141495.953631696,25496.4789708515,7999.47466084426,100000,8000,3902.75059326427,2.83644141358798,3,10,3.33333333333333,8,40,98,33,20,10,0.8,100,HPB,10,0.01
MSSA_Inner,Case: 0034,494.065450906754,1201087.60790145,72603.2208553264,18484.3870461222,900000,210000,-58824.11234732,-4.66890746406464,4,9,2.25,2.33333333333333,23.3333333333333,211,34,10,10,0.8,100,HPB,100,0.1
MSSA_Inner,Case: 0035,3862.41254496574,777349.356359667,61478.1185821528,15871.2377775147,500000,200000,-104201.434461585,-11.8202417315639,5,5,1,4,20,190,35,20,5,0.8,100,HPB,100,0.1
MSSA_Inner,Case: 0036,990.017609119415,74453.2817851328,15077.6538633822,4375.62792175059,50000,5000,3484.31076941284,4.9096256005192,1,5,5,10,100,41,36,10,5,0.8,100,HPB,10,0.01
MSSA_Inner,Case: 0037,7293.30846190453,880806.995830472,37790.020742101,10016.9750883713,800000,33000,-204888.544596436,-18.8716391444209,5,8,1.6,4.125,20.625,140,37,20,10,0.65,100,HPB,100,0.01
MSSA_Inner,Case: 0038,864.122196912765,144903.175979547,25776.6054899865,7126.57048956056,90000,22000,-7235.04821798703,-4.75557556698779,4,9,2.25,2.44444444444444,24.4444444444444,81,38,10,10,0.65,100,HPB,10,0.1
MSSA_Inner,Case: 0039,3575.32709908485,108755.213838956,18863.7211173313,7891.49272162455,60000,22000,-10368.7427974891,-8.70416252973661,5,6,1.2,3.66666666666667,18.3333333333333,51,39,20,5,0.65,100,HPB,10,0.1
MSSA_Inner,Case: 0040,615.955449819565,478073.04903586,48633.6857778656,13439.3632579948,400000,16000,-16305.0558822772,-3.29809425621248,2,4,2,4,40,91,40,10,5,0.65,100,HPB,100,0.01
MSSA_Inner,Case: 0041,2772.06791496277,1397077.04153506,36565.6247211805,10511.4168138838,1100000,250000,-153010.221598249,-9.8710714704511,8,11,1.375,2.27272727272727,11.3636363636364,155,41,20,10,0.8,1,HPB,100,0.1
MSSA_Inner,Case: 0042,4948.62830686569,131152.265094732,21622.829389582,6529.43570514992,100000,3000,5001.26043335922,3.96450305471931,3,10,3.33333333333333,3,30,106,42,10,10,0.8,1,HPB,10,0.01
MSSA_Inner,Case: 0043,18309.0872380734,85443.2487840563,8071.54283055797,5371.70595349831,60000,12000,6586.70431547028,8.352768130861,1,6,6,20,100,106,43,20,5,0.8,1,HPB,10,0.01
MSSA_Inner,Case: 0044,489.970541000366,654353.253938441,27316.1725651357,7037.08137330494,500000,120000,-42514.0304917971,-6.10073559796351,4,5,1.25,2.4,24,128,44,10,5,0.8,1,HPB,100,0.1
MSSA_Inner,Case: 0045,3934.27590990067,155174.339214719,23291.944798305,6882.39441641391,100000,25000,-27469.7279185049,-15.0400329721458,8,10,1.25,2.5,12.5,98,45,20,10,0.65,1,HPB,10,0.1
MSSA_Inner,Case: 0046,922.23362493515,847222.049262959,21301.9727890503,5920.0764739087,800000,20000,-101552.039055176,-10.7035004755657,3,8,2.66666666666667,2.5,25,149,46,10,10,0.65,1,HPB,100,0.01
MSSA_Inner,Case: 0047,2753.98987317085,490139.325617493,27311.7848515945,8827.54076589863,400000,54000,-66627.7213800465,-11.9668938273822,2,4,2,13.5,67.5,96,47,20,5,0.65,1,HPB,100,0.01
MSSA_Inner,Case: 0048,246.36014008522,84117.4189993865,8903.29615945487,3214.12283993165,60000,12000,2294.60885422537,2.80436329448295,5,6,1.2,2,20,49,48,10,5,0.65,1,HPB,10,0.1
MSSA_Inner,Case: 0049,3109.3382089138,199580.787679853,44646.3853656162,12934.4023142368,110000,32000,-16151.9816183571,-7.48703206791455,7,11,1.57142857142857,2.90909090909091,14.5454545454545,113,49,20,10,0.8,100,IND,10,0.1
MSSA_Inner,Case: 0050,179470.500095844,1106864.44815196,48384.0518041637,13480.3963477943,1000000,45000,108973.531407642,10.9203851422132,3,10,3.33333333333333,4.5,45,197,50,10,10,0.8,100,IND,100,0.01
MSSA_Inner,Case: 0051,3313.84108805656,609630.909099611,39919.4960696956,14711.4130299153,500000,55000,22804.0063584539,3.88598516051887,2,5,2.5,11,55,88,51,20,5,0.8,100,IND,100,0.01
MSSA_Inner,Case: 0052,423.950839996338,115743.825159971,32514.1517806757,10229.673379295,60000,13000,2221.20782887982,1.95662140382266,4,6,1.5,2.16666666666667,21.6666666666667,46,52,10,5,0.8,100,IND,10,0.1
MSSA_Inner,Case: 0053,2361.24551200867,1116539.22160647,75052.9316398412,21486.2899666265,800000,220000,-299857.119273905,-21.1704245922809,7,8,1.14285714285714,2.75,13.75,203,53,20,10,0.65,100,IND,100,0.1
MSSA_Inner,Case: 0054,2303.61282896996,122442.381842604,22830.5551253475,6811.82671725627,90000,2800,516.250231426675,0.42341229448089,3,9,3,3.11111111111111,31.1111111111111,202,54,10,10,0.65,100,IND,10,0.01
MSSA_Inner,Case: 0055,13836.4846138954,96342.3517346719,17503.6259796814,6838.72575499053,60000,12000,6819.86743982503,7.61804980452,1,6,6,20,100,145,55,20,5,0.65,100,IND,10,0.01
MSSA_Inner,Case: 0056,751.58709692955,625795.886300876,76504.0352710034,19291.8510298722,400000,130000,-96528.8794962434,-13.3636397458585,3,4,1.33333333333333,3.25,32.5,158,56,10,5,0.65,100,IND,100,0.1
MSSA_Inner,Case: 0057,13442.7196321487,1066847.77165862,61177.3132113621,18670.4584472562,900000,87000,-47033.791494681,-4.22251279225168,2,9,4.5,9.66666666666667,48.3333333333333,196,57,20,10,0.8,1,IND,100,0.01
MSSA_Inner,Case: 0058,1701.96860003471,172130.204989359,37086.8589331375,11043.3460562212,100000,24000,810.135498898482,0.47287833895234,4,10,2.5,2.4,24,88,58,10,10,0.8,1,IND,10,0.1
MSSA_Inner,Case: 0059,4578.60927677155,125732.628778115,25693.0678043562,7039.56097375875,70000,23000,-3912.20393119723,-3.0176319791851,6,7,1.16666666666667,3.28571428571429,16.4285714285714,89,59,20,5,0.8,1,IND,10,0.1
MSSA_Inner,Case: 0060,774.444535970688,551448.123705695,28047.1034628387,8401.02024285585,500000,15000,-341.313497620984,-0.061855750510719,3,5,1.66666666666667,3,30,71,60,10,5,0.8,1,IND,100,0.01
MSSA_Inner,Case: 0061,209303.76425004,137686.316967037,24669.9007811559,6016.41618588075,100000,7000,2659.19811525231,1.96938077170353,4,10,2.5,7,35,198,61,20,10,0.65,1,IND,10,0.01
MSSA_Inner,Case: 0062,504.721956968308,1025287.16577215,34570.7073622948,10716.458409855,800000,180000,-177161.620942459,-14.7334026113918,4,8,2,2.25,22.5,107,62,10,10,0.65,1,IND,100,0.1
MSSA_Inner,Case: 0063,4192.0372800827,734517.420613821,26148.5832785627,8368.83733525826,500000,200000,-75600.2640607206,-9.33201008827407,5,5,1,4,20,89,63,20,5,0.65,1,IND,100,0.1
MSSA_Inner,Case: 0064,3444.16622209549,80402.3779634047,13125.1045689114,3677.27339449326,60000,3600,7968.99511365742,11.0018265061401,2,6,3,6,60,114,64,10,5,0.65,1,IND,10,0.01
MSSA_Inner,Case: 0065,296.604573011398,93985.1649233998,17411.2995343803,4573.86538901955,60000,12000,6545.22635763812,7.48539679349797,5,6,1.2,2,20,40,65,10,5,0.65,1,IND,10,0.1
MSSA_Inner,Case: 0066,5119.49449014664,168035.351027748,29157.7384237157,8877.61260403252,100000,30000,-20735.3290348302,-10.9844013000092,6,10,1.66666666666667,3,15,90,66,20,10,0.65,1,IND,10,0.1
MSSA_Inner,Case: 0067,1070.0751209259,78561.3455605369,18024.0193859125,5537.32617462438,50000,5000,1952.28650239609,2.54837551380764,1,5,5,10,100,42,67,10,5,0.8,1,IND,10,0.01
MSSA_Inner,Case: 0068,198285.419555187,162724.931827322,31415.875409205,11309.0564181172,100000,20000,10627.2476357341,6.9871199500629,1,10,10,20,100,146,68,20,10,0.8,1,IND,10,0.01
MSSA_Inner,Case: 0069,1601.03208303452,118760.129251995,21307.9904643871,7452.13878760767,70000,20000,-6290.56227981711,-5.03040983041413,7,7,1,2.85714285714286,14.2857142857143,49,69,20,5,0.65,100,IND,10,0.1
MSSA_Inner,Case: 0070,1952.03224277496,162125.520336276,36918.5117508951,9207.00858538094,90000,26000,3844.90778124949,2.42917165860273,4,9,2.25,2.88888888888889,28.8888888888889,173,70,10,10,0.65,100,IND,10,0.1
MSSA_Inner,Case: 0071,8332.91833496094,97292.8943237359,18467.435750947,6825.4585727889,60000,12000,2545.82356909073,2.68696810235257,1,6,6,20,100,65,71,20,5,0.8,100,IND,10,0.01
MSSA_Inner,Case: 0072,58163.7815279961,144388.721882967,25856.4191051921,8532.30277777492,100000,10000,7064.51009355823,5.14440243384895,1,10,10,10,100,94,72,10,10,0.8,100,IND,10,0.01
MSSA_Inner,Case: 0073,1500.4342880249,61866.4795479469,6844.48363188534,2221.99591606154,50000,2800,1076.19738236341,1.77034444326482,2,5,2.5,5.6,56,336,73,10,5,0.65,1,HPB,10,0.01
MSSA_Inner,Case: 0074,193455.940257788,125019.980753547,14933.729173477,7086.25158007019,90000,13000,659.72697451101,0.530496645401847,2,9,4.5,14.4444444444444,72.2222222222222,139,74,20,10,0.65,1,HPB,10,0.01
MSSA_Inner,Case: 0075,436.416919946671,88630.6894266693,11253.253468588,3377.43595808128,60000,14000,1245.83301136833,1.42568525311462,4,6,1.5,2.33333333333333,23.3333333333333,58,75,10,5,0.8,1,HPB,10,0.1
MSSA_Inner,Case: 0076,3795.59570217133,172431.474063384,22951.9768110223,7479.49725236137,110000,32000,-16420.4558137284,-8.69488377715458,7,11,1.57142857142857,2.90909090909091,14.5454545454545,118,76,20,10,0.8,1,HPB,10,0.1
MSSA_Inner,Case: 0077,4447.98219299316,76736.8279191111,13964.9826714095,5371.84524770159,50000,7400,4347.6059156939,6.00587462521516,2,5,2.5,14.8,74,112,77,20,5,0.65,100,HPB,10,0.01
MSSA_Inner,Case: 0078,28420.6035299301,112985.489447162,18985.6787274443,5999.81071971786,80000,8000,2206.51230801994,1.99181502213049,1,8,8,10,100,123,78,10,10,0.65,100,HPB,10,0.01
MSSA_Inner,Case: 0079,2829.99654006958,129091.527970127,22576.9952551653,6514.53271496224,80000,20000,-9538.83380436023,-6.88076816814285,8,8,1,2.5,12.5,67,79,20,5,0.8,100,HPB,10,0.1
MSSA_Inner,Case: 0080,795.187856912613,164064.461002335,23523.4912381703,6540.96976416465,110000,24000,8251.81360859273,5.29598447020812,5,11,2.2,2.18181818181818,21.8181818181818,83,80,10,10,0.8,100,HPB,10,0.1
MSSA_Inner,Case: 0081,511.46888589859,474897.114550579,48396.3609565043,11500.753594075,400000,15000,12725.4273043521,2.75339828369288,3,4,1.33333333333333,3.75,37.5,113,81,10,5,0.65,1,IND,100,0.01
MSSA_Inner,Case: 0082,22467.1143770218,918077.701300044,46772.0707631138,14305.6305369304,800000,57000,-171720.227220996,-15.7570704372724,3,8,2.66666666666667,7.125,35.625,103,82,20,10,0.65,1,IND,100,0.01
MSSA_Inner,Case: 0083,505.594529151917,698102.211458925,76416.0623019703,21686.1491569544,500000,100000,-15536.0029336136,-2.17701387345661,5,5,1,2,20,164,83,10,5,0.8,1,IND,100,0.1
MSSA_Inner,Case: 0084,3146.25089693069,1339302.78357117,95240.614683506,24062.1688876651,1000000,220000,-249411.002428915,-15.6989260511711,9,10,1.11111111111111,2.2,11,302,84,20,10,0.8,1,IND,100,0.1
MSSA_Inner,Case: 0085,3689.66155099869,503471.832602534,48245.4570510069,15226.3755515273,400000,40000,-69316.3370750775,-12.1015657697839,2,4,2,10,50,113,85,20,5,0.65,100,IND,100,0.01
MSSA_Inner,Case: 0086,1904.38427901268,891302.256848885,57429.6297289095,14872.6271199759,800000,19000,-87594.5671288362,-8.94829413920233,4,8,2,2.375,23.75,112,86,10,10,0.65,100,IND,100,0.01
MSSA_Inner,Case: 0087,2382.65965294838,851803.943436249,40300.9184195919,11503.0250166575,600000,200000,-48900.1903039652,-5.42910690338513,6,6,1,3.33333333333333,16.6666666666667,95,87,20,5,0.8,100,IND,100,0.1
MSSA_Inner,Case: 0088,1086.12849283218,1223011.35482003,96347.1472435869,26664.2075764451,900000,200000,-40290.5884471103,-3.18930788176507,4,9,2.25,2.22222222222222,22.2222222222222,182,88,10,10,0.8,100,IND,100,0.1
MSSA_Inner,Case: 0089,278.795741081238,633963.246478761,25979.4836170303,7983.76286173056,500000,100000,-28256.5767266803,-4.26694818495553,5,5,1,2,20,116,89,10,5,0.65,1,HPB,100,0.1
MSSA_Inner,Case: 0090,3423.01108193398,1101850.48633141,63196.4749914463,18654.0113399643,800000,220000,-415328.658883334,-27.3750572035808,7,8,1.14285714285714,2.75,13.75,277,90,20,10,0.65,1,HPB,100,0.1
MSSA_Inner,Case: 0091,654.298414945602,532690.147466547,13631.6870618248,3058.46040472166,500000,16000,-335.54429782473,-0.062950867661565,3,5,1.66666666666667,3.2,32,75,91,10,5,0.8,1,HPB,100,0.01
MSSA_Inner,Case: 0092,18042.494987011,1105588.44708204,55788.3407111458,15800.1063708991,1000000,34000,3289.08324310067,0.298383846620929,6,10,1.66666666666667,3.4,17,229,92,20,10,0.8,1,HPB,100,0.01
MSSA_Inner,Case: 0093,5597.93206715584,738333.224906632,28952.0744097978,9381.15049683368,500000,200000,-130803.438269679,-15.0498125106873,5,5,1,4,20,93,93,20,5,0.65,100,HPB,100,0.1
MSSA_Inner,Case: 0094,626.715991973877,1009961.79920713,39384.3873938887,10577.4118132432,800000,160000,-74960.7299939147,-6.90931637755895,4,8,2,2,20,116,94,10,10,0.65,100,HPB,100,0.1
MSSA_Inner,Case: 0095,1396.57524394989,611253.078352118,51377.6652349003,15875.4131172173,500000,44000,6049.50323021656,0.999581542293114,2,5,2.5,8.8,44,187,95,20,5,0.8,100,HPB,100,0.01
MSSA_Inner,Case: 0096,3276.21182799339,1002599.76682135,63956.5406867472,16643.2261345995,900000,22000,5659.72333729861,0.567709500113902,4,9,2.25,2.44444444444444,24.4444444444444,212,96,10,10,0.8,100,HPB,100,0.01
MSSA_Inner,Case: 0097,11895.3641839027,96557.3152662384,18068.9916447894,6488.32362144897,60000,12000,3135.30798484031,3.35607002683682,1,6,6,20,100,83,97,20,5,0.8,1,IND,10,0.01
MSSA_Inner,Case: 0098,6208.04779791832,137449.185005236,26097.515483102,7951.66952213406,100000,3400,3502.95055295236,2.61519151118819,3,10,3.33333333333333,3.4,34,95,98,10,10,0.8,1,IND,10,0.01
MSSA_Inner,Case: 0099,5995.06766200066,82257.768733183,11095.4865841673,5162.28214901571,60000,6000,2418.4296973794,3.0291203892543,1,6,6,10,100,95,99,10,5,0.8,100,IND,10,0.01
MSSA_Inner,Case: 0100,330933.938467026,178303.87820135,37713.437450984,11490.4407503656,110000,19100,7581.32179823989,4.44072649681914,2,11,5.5,17.3636363636364,86.8181818181818,196,100,20,10,0.8,100,IND,10,0.01
MSSA_Inner,Case: 0101,3333.34563612938,75112.3218539419,8433.46188348749,6678.85997045441,50000,10000,6354.11786358154,9.24125049059218,1,5,5,20,100,129,101,20,5,0.65,1,HPB,10,0.01
MSSA_Inner,Case: 0102,3601.90079808235,102505.159819059,14339.8504154613,4165.30940359728,80000,4000,-3425.92740172306,-3.23410954386104,2,8,4,5,50,70,102,10,10,0.65,1,HPB,10,0.01
MSSA_Inner,Case: 0103,695.790797948837,66862.2170063221,10644.0719803324,4018.1450259897,50000,2200,1562.29534903444,2.39249191941425,3,5,1.66666666666667,4.4,44,42,103,10,5,0.65,100,HPB,10,0.01
MSSA_Inner,Case: 0104,25526.5597319603,120886.796305918,25554.9348759201,7331.8614299975,80000,8000,-6071.66203329677,-4.78240056843962,2,8,4,10,50,84,104,20,10,0.65,100,HPB,10,0.01
MSSA_Inner,Case: 0105,2042.82630109787,543797.959453557,44434.995740022,19362.9637135353,400000,80000,-27132.3814508687,-4.75231030950073,1,4,4,20,100,132,105,20,5,0.65,1,IND,100,0.01
MSSA_Inner,Case: 0106,1468.17529511452,868423.933325083,33646.7930362541,9777.14028882861,800000,25000,-98601.6491381454,-10.1963847623333,3,8,2.66666666666667,3.125,31.25,79,106,10,10,0.65,1,IND,100,0.01
MSSA_Inner,Case: 0107,826.032061100006,494832.074767843,41143.4136162447,13688.6611515987,400000,40000,12621.5430590546,2.61743413490538,1,4,4,10,100,92,107,10,5,0.65,100,IND,100,0.01
MSSA_Inner,Case: 0108,19788.8479189873,961922.853244282,77701.0248510783,24221.8283932034,800000,60000,-148093.339565365,-13.3415476751303,4,8,2,7.5,37.5,124,108,20,10,0.65,100,IND,100,0.01
MSSA_Inner,Case: 0109,3019.99886083603,596548.649960121,29353.8327224053,9194.8172377156,500000,58000,17733.0948859593,3.06368664948668,2,5,2.5,11.6,58,107,109,20,5,0.8,1,HPB,100,0.01
MSSA_Inner,Case: 0110,15457.0622229576,1015147.29887206,48724.2615812342,14423.037290825,900000,52000,6513.89789289131,0.645814216202607,2,9,4.5,5.77777777777778,57.7777777777778,172,110,10,10,0.8,1,HPB,100,0.01
MSSA_Inner,Case: 0111,690.672557115555,558669.057461048,27333.9585814023,8335.09887964625,500000,23000,9832.00323296152,1.79142482403812,2,5,2.5,4.6,46,68,111,10,5,0.8,100,HPB,100,0.01
MSSA_Inner,Case: 0112,11726.9696600437,1027968.69140505,52852.9169527702,14115.7744522843,900000,61000,-66498.7807063515,-6.07590288435567,3,9,3,6.77777777777778,33.8888888888889,162,112,20,10,0.8,100,HPB,100,0.01
MSSA_Inner,Case: 0113,3484.1025390625,114844.80828927,23268.3858208441,8576.42246842591,60000,23000,1974.12830687873,1.74901782038233,5,6,1.2,3.83333333333333,19.1666666666667,50,113,20,5,0.65,1,IND,10,0.1
MSSA_Inner,Case: 0114,445.797585010529,162934.57551491,34912.3083490536,10022.2671658561,100000,18000,-2509.89225941378,-1.51706025180451,6,10,1.66666666666667,1.8,18,63,114,10,10,0.65,1,IND,10,0.1
MSSA_Inner,Case: 0115,1233.60193920136,94955.2348680145,16476.4395273629,5478.79534065157,60000,13000,2147.76434597038,2.31421493753591,4,6,1.5,2.16666666666667,21.6666666666667,143,115,10,5,0.65,100,IND,10,0.1
MSSA_Inner,Case: 0116,2003.32329797745,188504.797651727,37916.9547423387,10587.8429093883,110000,30000,-15943.4195745123,-7.79826784054053,7,11,1.57142857142857,2.72727272727273,13.6363636363636,83,116,20,10,0.65,100,IND,10,0.1
MSSA_Inner,Case: 0117,4201.68207216263,111607.318696385,15882.8324822402,5724.48621414506,70000,20000,-29901.4527242477,-21.1304588571164,7,7,1,2.85714285714286,14.2857142857143,77,117,20,5,0.8,1,HPB,10,0.1
MSSA_Inner,Case: 0118,900.435926914215,161279.721105817,24628.9105297125,5650.81057610465,110000,21000,-3978.72140255224,-2.40757527552684,5,11,2.2,1.90909090909091,19.0909090909091,107,118,10,10,0.8,1,HPB,10,0.1
MSSA_Inner,Case: 0119,1046.56729793549,97590.9238634537,18530.6046196522,4060.31924380144,60000,15000,-4671.33943579966,-4.56799926491923,4,6,1.5,2.5,25,54,119,10,5,0.8,100,HPB,10,0.1
MSSA_Inner,Case: 0120,4422.53458285332,187731.627470713,36468.9065129159,11262.7209577968,110000,30000,-4195.67837857455,-2.18607683779464,7,11,1.57142857142857,2.72727272727273,13.6363636363636,112,120,20,10,0.8,100,HPB,10,0.1
MSSA_Inner,Case: 0121,5659.4953789711,820618.166464109,53589.8396296526,17028.3268344561,500000,250000,-49663.7282462023,-5.70662546791621,4,5,1.25,5,25,115,121,20,5,0.8,1,IND,100,0.1
MSSA_Inner,Case: 0122,561.939534902573,1268528.59713343,132269.801711065,36258.7954223675,900000,200000,37.0032798382454,0.00291710879422,5,9,1.8,2.22222222222222,22.2222222222222,191,122,10,10,0.8,1,IND,100,0.1
MSSA_Inner,Case: 0123,627.750520944595,682856.686500043,48733.8151422934,14122.87135775,500000,120000,-18640.4535240467,-2.65723870569259,4,5,1.25,2.4,24,116,123,10,5,0.8,100,IND,100,0.1
MSSA_Inner,Case: 0124,13066.5250890255,1407202.91483046,92779.5350644008,24423.3797660554,1000000,290000,-301160.668092368,-17.6286050055642,7,10,1.42857142857143,2.9,14.5,195,124,20,10,0.8,100,IND,100,0.1
MSSA_Inner,Case: 0125,2582.20247983932,670962.469306008,54733.313839508,16229.1554665002,400000,200000,-148481.012663208,-18.1197380820446,4,4,1,5,25,173,125,20,5,0.65,1,HPB,100,0.1
MSSA_Inner,Case: 0126,1279.89222693443,1041854.30840224,33090.6976864199,8763.61071581635,800000,200000,-144108.741904454,-12.1511999777048,3,8,2.66666666666667,2.5,25,120,126,10,10,0.65,1,HPB,100,0.1
MSSA_Inner,Case: 0127,384.755566835403,571686.665993384,33089.7970886896,8596.86890469467,400000,130000,14148.5336735229,2.53767999951003,3,4,1.33333333333333,3.25,32.5,82,127,10,5,0.65,100,HPB,100,0.1
MSSA_Inner,Case: 0128,2226.75282812119,1092382.13156455,55676.1716065126,16705.9599580415,800000,220000,-449963.720765064,-29.1739832596834,7,8,1.14285714285714,2.75,13.75,172,128,20,10,0.65,100,HPB,100,0.1
