case_id,running_time,total_cost,holding_cost,penalty_cost,machine_cost,skill_cost,best_cluster,bestS,bestEBO,bestServerAssignment,GAP,GAPoolingPercentGAP
Case: 0001,1056.74143600464,608738.385323317,58865.3783243878,19873.0069989295,400000,130000,"[[5], [3, 4, 6, 7, 8, 10], [1, 2, 9]]","[[32], [3, 11, 7, 2, 6, 4], [18, 3, 2]]","[[0.37940812078510394], [0.05799237191411109, 0.0004293528101896818, 0.03394010676118324, 0.007161668236272276, 0.0026489674209385747, 0.038996358024795216], [0.1952801976304687, 0.019126448465183507, 0.03844994047933662]]","[1, 1, 2]",3224.66776915989,0.532550737609255
Case: 0002,9921.37244677544,82335.4835768549,17796.3968039059,7139.08677294898,50000,7400,"[[1, 2, 3, 4, 5, 6, 7, 8, 9, 10, 11, 12, 13, 15, 16, 18, 19, 20], [14, 17]]","[[6, 4, 3, 14, 8, 1, 3, 4, 8, 5, 2, 16, 6, 2, 4, 7, 3, 1], [4, 9]]","[[0.09092597777557551, 0.01661392092204961, 0.03195187241699596, 0.005080516952888404, 0.08432297666417347, 0.0054465166807752515, 0.0018362515588823116, 0.025328432744624606, 0.04818719235533685, 0.04443871297178171, 0.01597375372535326, 0.0030240782610484306, 0.022505583719017497, 0.02375069515042686, 0.05979517184941471, 0.06590671444208511, 2.7441817502584165e-05, 0.030206944099542787], [0.006474179369509745, 0.057602422016669166]]","[4, 1]",5157.40975247123,6.68248052446444
Case: 0003,19455.3852829933,115573.597196374,19795.4535042233,7778.14369215104,80000,8000,"[[1, 2, 3, 4, 5, 6, 7, 8, 9, 10]]","[[22, 14, 48, 19, 29, 16, 7, 5, 4, 3]]","[[0.00884460604925563, 0.0009236309541279973, 0.08749692942076459, 0.2103308283746651, 0.0953256625622334, 0.23318866491291076, 0.07115569679285684, 0.00892457158550829, 0.052821219629687645, 0.036391495860945144]]",[8],3066.58352305216,2.72568209121287
Case: 0004,12336.6618020535,1214788.01077247,104746.615276632,30041.3954958396,800000,280000,"[[8, 10, 13, 18], [1, 2, 5, 9, 16], [3, 6], [4, 7, 14, 15, 17, 19], [11, 12, 20]]","[[112, 8, 9, 8], [6, 2, 5, 4, 11], [6, 38], [3, 9, 8, 10, 14, 21], [22, 130, 19]]","[[0.0638473118862445, 0.009800012743647543, 0.09706777809463446, 0.08870309083031878], [0.07399729856283958, 0.02559927343351705, 0.07805506643687751, 0.025981650315000316, 0.12778134607320007], [0.05199447637855534, 0.05958883422021377], [0.021445857743649124, 0.0676915456825319, 0.11392073732252085, 0.009059959988168028, 0.0300711159172474, 0.10632098309747275], [0.022861182815694152, 0.004525904520155718, 0.16041553234666256]]","[2, 1, 3, 1, 1]",-324972.751061148,-21.1054054055875
Case: 0005,433.420154094696,99031.9218750096,20370.8090261004,6661.11284890922,60000,12000,"[[1, 2], [3, 8, 10], [7], [6, 9], [4, 5]]","[[3, 2], [18, 2, 2], [24], [6, 1], [6, 6]]","[[0.04893682971875796, 0.013895264636096678], [0.01072987544667861, 0.04458297893224379, 0.03674730020804052], [0.004543021175296415], [0.06458369228572852, 0.008882917194427903], [0.051961618763620085, 0.024991558385889713]]","[1, 1, 1, 1, 2]",248.986770640942,0.252054436707997
Case: 0006,3801.97062897682,617075.207046423,69457.1817403934,19618.0253060294,500000,28000,"[[3, 10, 12, 14, 16, 19], [1, 5, 6, 7, 9, 11, 15, 20], [4, 17, 18], [2, 8, 13]]","[[6, 8, 8, 5, 7, 1], [9, 3, 3, 2, 7, 4, 7, 8], [7, 26, 5], [20, 11, 44]]","[[0.001156932027571389, 0.007047188914701066, 0.09584233939387175, 0.04393102109427685, 0.035590875459385066, 0.009916802823545278], [0.013537389560752861, 0.039242667859868324, 0.03051712204494234, 0.005570915352626591, 0.007142937421469722, 0.04109152676798851, 0.016871430006011125, 0.037708888328585335], [0.10528558908865723, 0.11672844219678738, 0.021886294823459315], [0.11081958336367616, 0.04929541246260905, 0.008392370771214188]]","[1, 2, 1, 1]",31452.907260958,5.37085204447993
Case: 0007,3184.38129401207,979001.451374431,46091.3531196049,11910.0982548258,900000,21000,"[[2, 7], [1, 5, 6], [3, 9, 10], [4, 8]]","[[10, 18], [6, 5, 6], [2, 7, 14], [82, 114]]","[[0.08793623497813695, 0.06818037953477654], [0.02039468215782711, 0.02877182134768091, 0.05569526423784932], [0.004723304537696316, 0.08083032602203624, 0.03295164295327398], [0.08483465550397556, 0.0014359176103215159]]","[1, 1, 2, 5]",-17680.7638270977,-1.7739620068893
Case: 0008,9837.24624991417,188309.380598829,32573.4710627254,9735.90953610329,110000,36000,"[[1, 5, 11], [2, 6, 18, 20], [7, 14, 15], [4, 10, 16, 17], [3, 9, 19], [8, 12, 13]]","[[1, 16, 10], [3, 4, 5, 3], [5, 4, 8], [4, 8, 3, 4], [9, 11, 4], [4, 14, 5]]","[[0.00043427177117473547, 0.030397374234558006, 0.005937914918956113], [0.035742421271304746, 0.07079751454307127, 0.004737523454746517, 0.06907851222173189], [0.058875643397574784, 0.023697959508382195, 0.0013394892037521503], [0.01370981294768217, 0.017774130804647587, 0.030783757360042293, 0.012593531332954995], [0.015477997618954896, 0.010409499531260889, 0.020197727681494113], [0.022444136446604958, 0.03397402233879058, 0.028953249847949232]]","[2, 2, 1, 1, 2, 3]",3723.50297001243,2.01721985335196
Case: 0009,2045.94306302071,70684.7436054667,13482.5170228867,4702.22658258008,50000,2500,"[[2, 3, 5, 7, 10], [1, 4, 6, 8, 9]]","[[4, 8, 5, 2, 3], [2, 2, 3, 4, 2]]","[[0.009261061725355286, 0.01768015187927561, 0.007828258140389927, 0.03104727176269544, 0.013847535994245996], [0.023863489798268973, 0.03290275434580296, 0.007080380007063594, 0.02855260398686384, 0.026332204738214238]]","[3, 2]",3158.73107991536,4.67779891300426
Case: 0010,6557.26788401604,754349.915253334,41083.603882584,13266.31137075,500000,200000,"[[11, 17, 20], [4, 5, 6, 13], [2, 8, 12, 15, 16], [1, 3], [7, 9, 10, 14, 18, 19]]","[[5, 2, 3], [3, 1, 6, 1], [2, 3, 2, 4, 4], [8, 7], [11, 2, 3, 5, 3, 2]]","[[0.025342930910350843, 0.014140655169546008, 0.03710379355098561], [0.009609040769189328, 0.015589230162422208, 0.055879195854021346, 0.041988841821508104], [0.0085834178501009, 0.012477896863693144, 0.008169142906843178, 0.008047799675534692, 0.043463757515975816], [0.019354734878983586, 0.06170506392647555], [0.012909474979145168, 0.02565116533181207, 0.020361148604826747, 0.041606167082994014, 0.010772438921234716, 0.01039958323338991]]","[1, 1, 1, 1, 1]",-84053.7278437411,-10.0254487842211
Case: 0011,621.284218072891,1042867.63660163,87666.3657137152,25201.2708879182,800000,130000,"[[3, 4], [8, 9], [5, 10], [2], [6], [1, 7]]","[[40, 16], [11, 16], [12, 8], [13], [12], [4, 26]]","[[0.02253716916790836, 0.14400210167587077], [0.07359711242704946, 0.14328499533679995], [0.09458009332406367, 0.023997790332334856], [0.09992893618112757], [0.03543281274746326], [0.0341711627273182, 0.048091606570457815]]","[2, 1, 1, 2, 1, 1]",-73446.6903200597,-6.57939153415629
Case: 0012,64016.1636970043,145362.192060916,35444.1486951153,11418.0433658003,90000,8500,"[[1, 3, 4, 5, 6, 7, 8, 9, 11, 12, 15, 16, 17, 18, 19], [13, 14], [2, 10, 20]]","[[12, 4, 24, 9, 2, 12, 5, 3, 8, 6, 16, 2, 5, 3, 37], [9, 3], [8, 3, 7]]","[[0.012177969281056618, 0.03558875218633893, 0.22754767287351227, 0.03517055034146305, 0.0065579751306530125, 0.07201986163097451, 0.017268244131036066, 0.04736146107566519, 0.08283277042049435, 0.04927936838598026, 0.12571924998633896, 0.002396649609325611, 0.013726146178817322, 0.020975320048871315, 0.0718504382385877], [0.0573763751887891, 0.012920397388968633], [0.015398088157026948, 0.01815260637494729, 0.025742789029740337]]","[5, 2, 2]",5399.71669620604,3.85797456220722
Case: 0013,2889.05188798904,650065.18667975,105332.129460177,29733.0572195728,500000,15000,"[[5, 6], [2, 3, 7, 8, 10], [1, 4, 9]]","[[10, 11], [2, 3, 2, 3, 3], [15, 110, 12]]","[[0.07828384519384812, 0.006904644203178203], [0.004925749172056028, 0.022905699228201293, 0.014000099194514075, 0.026003331185554084, 0.03347612003699679], [0.0620183752772078, 0.671599893953093, 0.012949740987668166]]","[2, 1, 2]",51972.2821233979,8.68966706133213
Case: 0014,2254.511977911,140763.94852595,27787.3412673213,6976.60725862897,80000,26000,"[[6, 9, 14, 16, 17, 18], [12, 13, 15, 20], [2, 7], [1, 10, 11, 19], [5], [3, 8], [4]]","[[2, 2, 1, 2, 1, 2], [6, 3, 3, 1], [3, 5], [3, 2, 1, 2], [4], [2, 5], [4]]","[[0.0036243063841921736, 0.01718263998253295, 0.020972304973772282, 0.013012074020432744, 0.011150215859261414, 0.004943987971555875], [0.009497367155557896, 0.002918990706824354, 0.010284996994350157, 0.0011402081864289014], [0.006515551713184092, 0.01775493405742954], [0.007746940332724422, 0.007750927237239034, 0.0074890476479576, 0.016782326611566728], [0.026206471338149316], [0.02594463024055214, 0.045684883166615176], [0.024065976234439623]]","[2, 1, 1, 1, 1, 1, 1]",-5098.8500497826,-3.49564803333679
Case: 0015,34249.0372750759,180310.759763171,33394.9829962614,8915.77676690986,110000,28000,"[[1, 3, 4, 7], [5], [2, 9, 10], [6, 8]]","[[4, 0, 5, 4], [30], [60, 48, 22], [7, 11]]","[[0.023273110902787192, 0.023389948244371246, 0.028740238790999524, 0.03126936533080796], [0.01948086855855551], [0.2737148873855971, 0.24265275420913435, 0.16220427376184635], [0.009893159903788253, 0.05243171316905492]]","[2, 2, 4, 3]",3185.04955709734,1.79818590615205
Case: 0016,34330.2183270454,1255460.89574565,97103.5507790051,29357.3449666479,1000000,129000,"[[15], [1, 2, 3, 4, 5, 6, 7, 8, 9, 10, 12, 13, 14, 16, 17, 18, 19, 20], [11]]","[[6], [4, 19, 4, 2, 31, 5, 3, 2, 3, 17, 6, 5, 8, 11, 11, 10, 3, 4], [20]]","[[0.02434445364677179], [0.04516006333451128, 0.03265482401721397, 0.004680684288784713, 0.007008618368711143, 0.2652059506321057, 0.04637386468733917, 0.002777732779117162, 0.021982833237340273, 0.0536400214609324, 0.07701542292785285, 0.03138438821442778, 0.009245266258194003, 0.020871680007706617, 0.05874014959050682, 0.04436377257639339, 0.11529730925123538, 0.013795500396739033, 0.010583294090481955], [0.13049799292450462]]","[2, 7, 1]",107199.692455083,9.33582813282217
Case: 0017,2279.86797189713,445857.193811038,19167.5955883523,4689.59822268533,400000,22000,"[[1, 3, 4, 6, 7, 8], [2, 5, 9, 10]]","[[5, 20, 8, 31, 3, 12], [1, 2, 4, 2]]","[[0.01296055276616444, 0.04280739377323399, 0.010316937321328443, 0.032750478809913344, 0.010237718150743907, 0.03062937205980749], [0.01663474806364963, 0.009111263954361215, 0.012000770082341709, 0.02870518710764583]]","[3, 1]",-11621.6746204232,-2.54037408553316
Case: 0018,3783.21936297417,90461.4959666275,15033.3688429556,5428.12712367189,50000,20000,"[[1, 2, 6, 8, 13, 18], [3, 4, 9, 11], [7, 10, 17, 19, 20], [12, 15, 16], [5, 14]]","[[0, 2, 0, 1, 2, 3], [7, 2, 3, 4], [3, 2, 5, 3, 2], [3, 4, 4], [11, 8]]","[[0.03823865493872292, 0.02916210079457055, 0.046581251980751984, 0.021148413746032727, 0.016277130746185205, 0.011430788100050557], [0.015208473362227293, 0.00701778129432513, 0.00999495336691509, 0.02129988463362817], [0.01684586931983014, 0.016507223366308596, 0.012435052521594051, 0.020391297285433905, 0.013183782967145815], [0.017111491849746956, 0.032414982442545696, 0.015929094596539572], [0.024052512378138723, 0.011859072310072863]]","[1, 1, 1, 1, 1]",-10888.2725339534,-10.7432633493297
Case: 0019,1432.67697405815,142770.271565723,18094.2524952379,4676.01907048537,100000,20000,"[[1, 4], [2, 3, 7], [10], [6, 8, 9], [5]]","[[7, 9], [1, 1, 1], [5], [5, 11, 9], [17]]","[[0.008083559350529792, 0.030397384896695967], [0.0025759728300808775, 0.01855785254949012, 0.013074316792964401], [0.020576348527152233], [0.013337477586991393, 0.01327966840254435, 0.029024427702425876], [0.01690753333317746]]","[2, 1, 1, 3, 3]",-9781.11009171233,-6.4116824019834
Case: 0020,8468.07334899902,881056.425325318,93022.5042161221,24033.9211091962,700000,64000,"[[1, 4, 8, 9, 10, 11, 12, 14, 15, 17, 19, 20], [2, 3, 5, 6, 7, 13, 16, 18]]","[[9, 2, 7, 12, 4, 1, 5, 3, 9, 13, 3, 9], [7, 57, 9, 37, 8, 28, 12, 36]]","[[0.07469336672087164, 0.014933291149976505, 0.023096017067533718, 0.10825717046104749, 0.03445314447048912, 0.018053890180385043, 0.04868789883066951, 0.03090179302192163, 0.052125988627432514, 0.04251493094717553, 0.01666444378116144, 0.0768730582840608], [0.013782465552894713, 0.061506225870240454, 0.03470714304133405, 0.11976081122318491, 0.01300773540596018, 0.07298298798653607, 0.04399508775118085, 0.07341781154460504]]","[2, 5]",-117102.591454811,-11.7318572979045
Case: 0021,2513.47322106361,70954.1379953429,13376.7136697006,4777.42432564226,50000,2800,"[[1, 2, 3, 4, 7, 8, 9, 10], [5, 6]]","[[2, 1, 0, 16, 3, 1, 11, 6], [11, 14]]","[[0.017677195121508393, 0.014780592310070513, 0.05633143018863782, 0.033621089978996196, 0.0054524111454938564, 0.01771760987115944, 0.040995249210672075, 0.10374303169666933], [0.03127770190876336, 0.021791236722938534]]","[3, 2]",2389.38030073498,3.48485195758649
Case: 0022,6329.99452280998,837543.724693528,28075.8366947202,9467.88799880752,600000,200000,"[[2, 3, 6, 12, 13, 15], [4, 7, 10], [5, 9, 11, 14, 18], [8, 16, 19, 20], [1], [17]]","[[4, 2, 2, 1, 3, 2], [8, 2, 1], [8, 5, 2, 1, 1], [2, 9, 5, 3], [48], [5]]","[[0.028646869003640073, 0.021493909896932364, 0.03162312186986549, 0.024940609368672664, 0.024532888309628877, 0.026094773528701737], [0.037411204803096385, 0.006835465334944242, 0.006186569600350892], [0.042873262307253655, 0.031737551346546274, 0.04130874434394239, 0.041124955048015235, 0.03772559369684645], [0.023567465817119056, 0.0404486459038841, 0.03835025905315675, 0.015730860176054663], [0.030048411835422985], [0.012307303479902356]]","[1, 1, 1, 1, 1, 1]",-71928.8314932888,-7.90885123514532
Case: 0023,707.048490047455,1143728.1983646,65196.3371368609,18531.8612277385,900000,160000,"[[1, 9], [7], [2, 5], [3, 8], [10], [4, 6]]","[[52, 13], [69], [4, 91], [12, 2], [73], [7, 2]]","[[0.170507039068398, 0.21164154275321245], [0.34426906974358934], [0.05929747199270695, 0.25543791090616297], [0.07056800979733098, 0.114918595251868], [0.2933925467204552], [0.04206789480335124, 0.09283720779449606]]","[2, 1, 3, 1, 1, 1]",-43983.6023913873,-3.70322180544064
Case: 0024,63854.3312110901,151301.960714095,21725.2595830493,7776.70113104584,110000,11800,"[[1, 2, 4, 7, 8, 9, 10, 11, 12, 13, 14, 15, 16, 17, 18, 20], [3], [5, 19], [6]]","[[5, 2, 6, 7, 4, 3, 3, 5, 8, 3, 7, 5, 6, 2, 9, 2], [5], [18, 13], [22]]","[[0.01970595634903475, 0.06971343435376884, 0.01667109258493274, 0.014331705104216866, 0.01408108659412672, 0.012913278804861641, 0.03632576394381162, 0.009333579027684532, 0.038299064777580334, 0.007817890614495459, 0.04706982214769557, 0.011809160276156156, 0.1161012022632434, 0.003633040036746647, 0.03614450821242554, 0.041695762930721955], [0.009758858850326721], [0.009367940727791473, 0.04461648190415194], [0.024553768822426623]]","[7, 1, 2, 1]",11621.1373242121,8.31978008303591
Case: 0025,406.499990224838,84828.8603918958,11015.9190634458,3812.94132845,60000,10000,"[[2, 8], [10], [5], [3, 4, 7], [1], [6, 9]]","[[5, 11], [6], [7], [0, 3, 2], [5], [8, 2]]","[[0.016512893628548995, 0.05031001820210842], [0.011405310907555333], [0.028875408392363713], [0.05666522108289313, 0.03373449909016673, 0.007871518531988992], [0.02283417178649804], [0.026083057331916643, 0.01453031212642642]]","[1, 1, 1, 1, 1, 1]",4485.89592915954,5.58343342090661
Case: 0026,5788.7537548542,539858.718908442,41844.6860974474,18014.0328109948,400000,80000,"[[1, 2, 3, 4, 5, 6, 7, 8, 9, 10, 11, 12, 13, 14, 15, 16, 17, 18, 19, 20]]","[[8, 3, 12, 9, 6, 13, 4, 15, 7, 3, 7, 4, 2, 5, 7, 4, 3, 5, 1, 4]]","[[0.1649976544837522, 0.00962068184263238, 0.03355537693868896, 0.06389493152174952, 0.03250094604361426, 0.027416414846199735, 0.02831536642685447, 0.07112960526918222, 0.024928335582758296, 0.01583470837872351, 0.030910963097476374, 0.019757963115713102, 0.013041358696093323, 0.02799657665662105, 0.02805492626366788, 0.07147727152256725, 0.08819917782271165, 0.027816108616815643, 0.037503187099650975, 0.08883060954178447]]",[4],-21623.4566058824,-3.85113856661167
Case: 0027,1213.12602591515,897775.28576814,64988.489713426,16786.7960547137,800000,16000,"[[1, 6, 9, 10], [4, 8], [3, 5], [7], [2]]","[[5, 9, 11, 14], [19, 29], [15, 14], [5], [32]]","[[0.0548529847974842, 0.03876971009608898, 0.113140653202155, 0.055400360420812714], [0.016629039415843032, 0.058666629885201195], [0.06895124751955019, 0.0408371344540359], [0.020625394164259528], [0.06256722330447487]]","[1, 4, 1, 1, 1]",-73503.4943594262,-7.56770310062497
Case: 0028,5901.10981297493,170523.276683006,34003.7075080595,8519.56917494666,100000,28000,"[[2, 4], [1, 12, 14], [6, 9, 20], [7, 11, 19], [3, 5, 10, 16, 17], [8, 15, 18], [13]]","[[9, 12], [12, 4, 5], [3, 10, 3], [7, 4, 13], [2, 1, 1, 1, 3], [4, 1, 11], [4]]","[[0.015657512058173575, 0.0187384159063459], [0.027272220450662327, 0.006412377655244509, 0.017869777713127612], [0.020972586873446265, 0.011640027223807104, 0.01326073236018206], [0.030235121034762263, 0.011905160891125473, 0.02756684303094355], [0.03531358732850347, 0.018201526253179053, 0.0030331018451270867, 0.008461217195891728, 0.006197999514030645], [0.008451549902339664, 0.01126121026014668, 0.04521761180973826], [0.011404647191958488]]","[2, 2, 2, 1, 1, 1, 1]",-19798.4177672076,-10.4026069252902
Case: 0029,440.700129985809,703459.178079924,64900.8260389284,18558.3520409955,500000,120000,"[[2, 4, 7], [1, 5, 10], [6, 8], [3, 9]]","[[6, 5, 6], [4, 9, 21], [2, 53], [103, 9]]","[[0.057811109343944525, 0.020167957967235566, 0.026681509759119818], [0.008024724656919177, 0.16444503633559293, 0.13831893524358727], [0.02205273721171491, 0.14424591273459733], [0.19768202679619606, 0.022590271142621195]]","[1, 1, 1, 2]",22202.3784081109,3.25903219150351
Case: 0030,18781.6045351028,93520.6882933463,14651.5305168442,6869.15777650208,60000,12000,"[[1, 2, 3, 4, 5, 6, 7, 8, 9, 10, 11, 12, 13, 14, 15, 16, 17, 18, 19, 20]]","[[2, 2, 2, 3, 2, 5, 6, 2, 1, 2, 1, 11, 7, 1, 2, 2, 1, 4, 5, 4]]","[[0.04403925912669025, 0.009855772221787585, 0.014582837035028566, 0.01477663506642522, 0.009205500987364366, 0.009643848489697415, 0.034875065651323145, 0.05743471605247988, 0.0118088657416967, 0.006233254315713513, 0.017877641461979777, 0.01852031756550434, 0.07499179052948088, 0.004820781727678933, 0.028046165159556536, 0.01614931388273397, 0.013846158893750534, 0.011457954550656747, 0.004835013334234232, 0.02505193288270358]]",[6],4691.62128968803,5.28162846683374
Case: 0031,4375.06461501122,150223.196822589,29493.3458380752,8229.85098451337,110000,2500,"[[2], [3, 7, 8, 10], [5, 6, 9], [4], [1]]","[[20], [1, 3, 3, 3], [5, 27, 8], [2], [28]]","[[0.0333047688710656], [0.025234436680949685, 0.018266743677216667, 0.026716794961859372, 0.028042981725780146], [0.0270600585980377, 0.019702405756950602, 0.016755874820756533], [0.020408061264070236], [0.033663454530228364]]","[2, 2, 4, 1, 2]",11312.8514375447,8.143994895547
Case: 0032,5162.2246530056,1345325.46483116,91298.8945795993,24026.5702515592,1000000,230000,"[[20], [1, 2, 5, 6, 9, 14, 16], [7, 10, 18], [12, 15], [11, 13], [17, 19], [4, 8], [3]]","[[124], [6, 5, 4, 6, 3, 3, 2], [3, 2, 18], [8, 23], [2, 13], [31, 8], [14, 6], [7]]","[[0.14178329003317514], [0.06632602849564315, 0.04474440000547115, 0.01513943941545371, 0.027665038576045835, 0.026119194736130884, 0.03132438279227696, 0.025010066302136976], [0.04372804367563214, 0.013685589697138666, 0.046484448255982594], [0.03417622128766454, 0.0770312229466691], [0.03441819079611461, 0.03542501276099928], [0.08589806808884803, 0.035740808040439935], [0.024481053498413695, 0.020203100881162197], [0.017918731151579013]]","[2, 1, 1, 1, 1, 1, 2, 1]",-166290.239497248,-11.0008277250023
Case: 0033,9784.773518,144300.3921,21092.49759,5807.894504,110000,7400,"[[1, 2, 4, 8, 10, 12, 14, 15, 16, 18, 19], [3, 5, 6, 9, 11, 13, 20], [7, 17]]","[[4, 1, 5, 2, 4, 5, 2, 4, 2, 4, 9], [9, 1, 3, 7, 6, 9, 8], [12, 7]]","[[0.02840135517195268, 0.014682741351683263, 0.02584896082513031, 0.004261001088713557, 0.04104038817031124, 0.09589396628054117, 0.01140136860382789, 0.02533931403807197, 0.02799464107308269, 0.03596433313357121, 0.020326420041548533], [0.009789687971915751, 0.01488393320622678, 0.014087406808742417, 0.01480000167159753, 0.013071576641385503, 0.009748693649622728, 0.00919519621981887], [0.018160386115776188, 0.006566109893975001]]","[3, 5, 3]",6707.18906,4.874651445
Case: 0034,1936.301702,1214474.377,75598.78021,18875.59644,900000,220000,"[[2, 4, 7, 10], [8, 9], [1, 6], [3, 5]]","[[24, 2, 11, 13], [3, 23], [17, 47], [30, 49]]","[[0.05835714049030514, 0.016319472276608685, 0.16223497854396016, 0.05929338196448609], [0.018324810391264656, 0.04879641769954887], [0.05630005458107041, 0.16616094217435856], [0.14913984324084853, 0.1214840115350317]]","[2, 3, 2, 2]",-45437.3436,-3.606391056
Case: 0035,4578.799011,852081.2953,39290.52315,12790.77216,600000,200000,"[[2, 6, 14, 19, 20], [1, 3, 18], [7, 8, 9], [10], [5, 11, 12, 13, 15, 16, 17], [4]]","[[1, 1, 2, 2, 2], [1, 7, 5], [7, 11, 0], [11], [3, 0, 2, 2, 1, 1, 1], [92]]","[[0.026943502563237694, 0.025051780741448045, 0.015753655594674686, 0.024521107692513866, 0.013817118282695863], [0.026341688107368786, 0.01888561866632743, 0.011867362111849217], [0.013810157622941396, 0.031737376046028276, 0.025606191600523295], [0.023557543835632782], [0.016297452886124508, 0.01769926999312423, 0.015121788116668878, 0.014519494461475855, 0.010017285040626177, 0.008411469263922127, 0.017295935387299195], [0.12108753680115654]]","[1, 1, 1, 1, 1, 1]",-29469.49551,-3.342915214
Case: 0036,4640.173552,74453.28179,15077.65386,4375.627922,50000,5000,"[[1, 2, 3, 4, 5, 6, 7, 8, 9, 10]]","[[2, 5, 5, 4, 1, 5, 3, 1, 7, 8]]","[[0.017122975333007558, 0.047704016023425284, 0.012187957809664984, 0.021926612411830783, 0.0022027044627566574, 0.03893544081366728, 0.01690828854557747, 0.024825823333169027, 0.010757423395761793, 0.02895687709924488]]",[5],3484.310769,4.909625601
Case: 0037,4064.318704,890125.4259,35779.54082,10345.88505,800000,44000,"[[1, 2, 4, 8, 10, 12, 14, 15, 16, 18, 19], [6, 9, 11, 13, 20], [3], [5, 7, 17]]","[[2, 1, 3, 1, 2, 2, 1, 2, 1, 2, 5], [5, 11, 9, 14, 12], [15], [3, 35, 15]]","[[0.0208706417849025, 0.0045830061306288885, 0.009587515843611592, 0.010518296210432845, 0.020717271814584468, 0.06055108259924521, 0.012204989250715143, 0.020175955960740365, 0.018732709983062666, 0.020069634308439475, 0.010443023237195776], [0.009877596585635008, 0.023955552239356536, 0.02299480785611228, 0.01847284637968355, 0.019264327723718198], [0.017541237566030418], [0.01323643297121842, 0.0509721010755044, 0.019230103398026038]]","[2, 3, 1, 2]",-195570.1146,-18.01334788
Case: 0038,1130.009262,148643.5466,33292.59005,8350.956535,90000,17000,"[[2, 9], [3, 4, 5, 7], [10], [1], [6, 8]]","[[5, 6], [5, 7, 6, 4], [12], [42], [3, 3]]","[[0.02376735278631734, 0.022005289235107858], [0.011302761258064443, 0.025169776032491757, 0.015524431782202336, 0.023203988764590556], [0.013683296744366361], [0.0373090974004402], [0.014742857870716405, 0.05231419153755058]]","[1, 2, 2, 3, 1]",-3494.677611,-2.297041147
Case: 0039,4009.901885,113199.5807,21734.05736,7465.523324,60000,24000,"[[11], [2, 3, 4, 14], [1, 6, 7, 9, 12, 16, 19], [8, 10, 15, 17, 18], [5, 13, 20]]","[[27], [2, 2, 6, 8], [1, 1, 1, 2, 1, 1, 1], [1, 3, 1, 2, 1], [3, 0, 1]]","[[0.04062800225106611], [0.00485846403508277, 0.0016273993129142436, 0.01615569109693874, 0.01772032795321323], [0.005160678655558542, 0.016171584105918735, 0.0059523832012389295, 0.004203864410527017, 0.020057523831091814, 0.01392419102480499, 0.03208380174678476], [0.0013918529740167827, 0.004646320703775462, 0.004309296736412794, 0.00824360509170563, 0.014619381181330984], [0.018570053251437166, 0.025934950813146607, 0.006343289161218805]]","[1, 2, 1, 1, 1]",-5924.375957,-4.973286755
Case: 0040,953.8744431,489286.3098,57697.32283,15588.987,400000,16000,"[[1, 3, 4, 7, 8, 9, 10], [2, 5, 6]]","[[4, 6, 5, 7, 8, 6, 15], [19, 3, 21]]","[[0.023807998144426124, 0.05040630804410376, 0.03532733161367606, 0.03372402288509483, 0.02837039166661518, 0.025479192451183158, 0.08896667206869537], [0.022581894745672574, 0.012794625744380233, 0.09256141256677153]]","[1, 3]",-5091.795087,-1.02993944
Case: 0041,2786.496889,1349847.275,68935.09817,20912.17713,1000000,260000,"[[2, 4, 5, 7, 10, 11, 18, 19], [12, 17], [13, 15], [3, 9], [1, 14], [8, 16], [6, 20]]","[[1, 2, 2, 4, 0, 1, 1, 1], [13, 41], [12, 11], [2, 17], [36, 26], [68, 24], [7, 18]]","[[0.013100739066898685, 0.0677854878627933, 0.026183663024169062, 0.031213286709487698, 0.006923714736914327, 0.03691661322843719, 0.04159191327102104, 0.04282286450066429], [0.10195740015224669, 0.043175210660340926], [0.1486411518944411, 0.029645679422719468], [0.008090090776418436, 0.062445301082355416], [0.0405715002252277, 0.08152858052775722], [0.24819141821560675, 0.1118709877418396], [0.034745137940571824, 0.13458519088426948]]","[1, 2, 1, 2, 2, 1, 1]",-200239.9878,-12.91798163
Case: 0042,3666.582726,133932.7789,25018.00104,6714.777824,100000,2200,"[[1, 2, 3, 10], [6, 7, 8, 9], [5], [4]]","[[4, 15, 8, 13], [2, 1, 2, 1], [32], [40]]","[[0.021576356842189566, 0.024611596260162055, 0.04790932939641014, 0.03188626514067146], [0.034241333516594356, 0.019764791547550214, 0.015220610655417594, 0.012086995467865838], [0.02288602244443157], [0.015303555940353798]]","[3, 1, 3, 3]",7781.774198,6.16861849
Case: 0043,22796.58433,85443.24878,8071.542831,5371.705953,60000,12000,"[[1, 2, 3, 4, 5, 6, 7, 8, 9, 10, 11, 12, 13, 14, 15, 16, 17, 18, 19, 20]]","[[17, 7, 3, 2, 1, 6, 2, 5, 10, 11, 4, 3, 7, 2, 11, 4, 4, 1, 3, 3]]","[[0.04882057909051534, 0.04183199684120594, 0.006938225548279939, 0.07442368048943633, 0.04387832409822381, 0.021322592947009316, 0.09365016981857674, 0.0695381171436002, 0.031447111607242145, 0.17611277355306376, 0.13842099861993537, 0.024745084024205142, 0.007710805861446129, 0.0011666057678224996, 0.055446626877331984, 0.010717601455973783, 0.137829286074241, 0.006245969263311054, 0.028566368411895884, 0.01057499192659726]]",[6],6586.704315,8.352768131
Case: 0044,576.767128,656582.1826,29155.55987,7426.622697,500000,120000,"[[3, 4], [5, 10], [1, 8], [2, 6, 7, 9]]","[[5, 28], [3, 12], [51, 21], [1, 4, 8, 4]]","[[0.04890395325043768, 0.07389349521496824], [0.014802858160004586, 0.03994436612504112], [0.10803356732325393, 0.02289944690936581], [0.04296567050686567, 0.017851909365638383, 0.05169756627831327, 0.02800960165669068]]","[1, 1, 2, 1]",-40285.10187,-5.780885797
Case: 0045,3868.410752,159029.5586,29157.0991,7872.45949,100000,22000,"[[2, 17], [16], [5, 7, 9, 18, 19], [14], [11], [4, 6, 12, 20], [3, 13], [1, 15], [8, 10]]","[[3, 6], [9], [1, 2, 0, 1, 2], [7], [9], [1, 2, 2, 2], [68, 10], [7, 10], [3, 24]]","[[0.022708598087973975, 0.02044506388191303], [0.010732323894744378], [0.008299458508877755, 0.010442240402981952, 0.021174061040807084, 0.00879244710024919, 0.010558207299711183], [0.01289872658536732], [0.012824261511242618], [0.022299490656684264, 0.016466142335330183, 0.016501155774331967, 0.030197483768869198], [0.025309814010053455, 0.029991976969747862], [0.0324119716555979, 0.018844959392213635], [0.02015995405037783, 0.04650119387029531]]","[1, 1, 1, 1, 1, 1, 2, 1, 1]",-23614.50854,-12.92925027
Case: 0046,2913.125562,803916.2512,55629.34867,15286.90256,700000,33000,"[[1, 2, 4, 5, 6, 7, 9], [3, 8, 10]]","[[18, 2, 8, 2, 34, 4, 5], [24, 41, 118]]","[[0.12187855430814414, 0.03851168020431911, 0.11320308698142072, 0.049012702188894454, 0.021063825666847034, 0.04319243171415123, 0.06921111162554147], [0.026082664353228924, 0.08476494497205211, 0.13759683905073897]]","[3, 4]",-144857.8371,-15.26789558
Case: 0047,5815.298963,490139.3256,27311.78485,8827.540766,400000,54000,"[[1, 2, 3, 4, 6, 7, 8, 9, 10, 12, 14, 15, 16, 17, 18, 19, 20], [5, 11, 13]]","[[4, 3, 3, 1, 1, 5, 3, 2, 3, 2, 1, 2, 5, 8, 9, 6, 6], [27, 3, 2]]","[[0.012838589121729619, 0.050170064125248076, 0.0025752848257050848, 0.008167833146996848, 0.0368251337097054, 0.008301888344130027, 0.008849407820503198, 0.016480436587320346, 0.022829638913983846, 0.014966913088239804, 0.0050382363446984935, 0.04467436512171033, 0.018001782688845933, 0.03378295353463834, 0.05908334779775414, 0.05047156139354678, 0.010730583958960259], [0.03699829159418974, 0.039182489857409686, 0.013357850820141067]]","[3, 1]",-66627.72138,-11.96689383
Case: 0048,681.3476348,84277.24726,8903.296159,3373.951099,60000,12000,"[[1, 4, 9], [2, 6, 7], [3, 10], [5], [8]]","[[2, 3, 4], [0, 0, 1], [16, 7], [6], [10]]","[[0.01857532213551761, 0.008931167438314588, 0.01582663570146616], [0.037945244415017815, 0.009201321789245563, 0.00444357180201656], [0.012542263970447037, 0.004480319300119441], [0.01388175794478724], [0.009192397910981654]]","[1, 1, 2, 1, 1]",2454.437114,2.999697895
Case: 0049,5184.468581,207774.6228,39595.09441,11179.52839,120000,37000,"[[7, 9, 14, 19, 20], [5, 6, 8, 13, 18], [4, 10, 12], [1, 3, 16], [15], [11], [2, 17]]","[[2, 3, 1, 2, 3], [8, 4, 5, 4, 10], [1, 2, 3], [8, 3, 5], [16], [6], [4, 2]]","[[0.003537993798004008, 0.004286611123123764, 0.011856873603064026, 0.037156117454292266, 0.001627756393318762], [0.0305446771558132, 0.028188094826910183, 0.021691784071848477, 0.039874477228241625, 0.03532882330811213], [0.01719490258444862, 0.010276856202815664, 0.02097543009941625], [0.1086026051588813, 0.015824377876773814, 0.036590075846589014], [0.019222863897924273], [0.04955596282916917], [0.00732825499839589, 0.013698163799064602]]","[1, 3, 1, 3, 2, 1, 1]",-7958.146496,-3.6888909
Case: 0050,30078.62734,1106864.448,48384.0518,13480.39635,1000000,45000,"[[7], [8], [1, 2, 3, 4, 5, 6, 9, 10]]","[[15], [131], [4, 6, 8, 5, 5, 8, 5, 10]]","[[0.0283251116641849], [0.6875708011451434], [0.029656869544420206, 0.04627886099567206, 0.06766806579609531, 0.006061652618353283, 0.04168936281769312, 0.038697886055526806, 0.04304364063537286, 0.014268938249597794]]","[1, 4, 5]",108973.5314,10.92038514
Case: 0051,10657.38728,604883.2671,60190.97736,19692.28977,500000,25000,"[[3, 4, 6, 9, 18], [5, 10, 14, 16, 20], [1, 7, 11, 12, 13, 15, 19], [2, 8, 17]]","[[2, 2, 8, 7, 6], [4, 38, 10, 9, 1], [5, 5, 2, 3, 2, 9, 4], [4, 5, 7]]","[[0.025802512641080202, 0.03886284489493445, 0.01800495437925568, 0.013838418787179209, 0.0639335282953748], [0.05763197644709736, 0.11153301660855094, 0.09580022640113264, 0.02080546959813798, 0.009374205651894525], [0.03488074049882226, 0.04965297134235566, 0.014878916690440296, 0.03530850773720118, 0.0161747456294539, 0.013524777727302813, 0.008321482704841426], [0.043808556821963246, 0.033287944670350816, 0.0881729704162355]]","[1, 2, 1, 1]",18056.36439,3.076948979
Case: 0052,1026.6562,115743.8252,32514.15178,10229.67338,60000,13000,"[[4, 9], [1, 3, 5, 6, 8], [2, 10], [7]]","[[4, 8], [4, 2, 1, 2, 2], [3, 9], [11]]","[[0.01502807899406656, 0.016935681167100997], [0.028036119673606155, 0.04175198019761601, 0.0017382147373598493, 0.03055630554629577, 0.009456474497978358], [0.03028467512333128, 0.09439920917630172], [0.0796561240269845]]","[2, 1, 1, 2]",2221.207829,1.956621404
Case: 0053,4236.410585,1125548.002,80655.94404,24892.05771,800000,220000,"[[3, 6, 14, 20], [5, 11, 19], [2, 7, 8, 10, 13, 17], [4, 12], [1, 9, 18], [15], [16]]","[[10, 1, 6, 3], [14, 2, 7], [3, 9, 2, 5, 5, 4], [5, 15], [22, 13, 4], [18], [59]]","[[0.01929917780352717, 0.01303338780892446, 0.027293067090395827, 0.01530517753381536], [0.09761416074600045, 0.019280204680090278, 0.0743329007925346], [0.04065168576425403, 0.024239743144547188, 0.008865943484861557, 0.05275062480253486, 0.010183303871355671, 0.026233992777366752], [0.04108884682915415, 0.06503950302561502], [0.0694371332821243, 0.17307998756513063, 0.05516141873112222], [0.19887441899596828], [0.05822004179617784]]","[1, 1, 1, 2, 1, 1, 1]",-290848.3391,-20.53438933
Case: 0054,4478.894705,122442.3818,22830.55513,6811.826717,90000,2800,"[[1, 2, 4, 5], [3, 8, 9, 10], [6, 7]]","[[2, 8, 8, 5], [1, 2, 3, 1], [57, 115]]","[[0.045809222542707646, 0.019477035560816654, 0.10762694875967702, 0.01423070691370306], [0.002691259077152347, 0.01382869428653866, 0.008520622163685706, 0.019546750048383583], [0.4526353877806527, 0.3577078995994691]]","[4, 1, 4]",516.2502314,0.423412294
Case: 0055,21628.81105,96342.35173,17503.62598,6838.725755,60000,12000,"[[1, 2, 3, 4, 5, 6, 7, 8, 9, 10, 11, 12, 13, 14, 15, 16, 17, 18, 19, 20]]","[[8, 8, 39, 8, 9, 6, 3, 7, 2, 2, 6, 8, 6, 8, 2, 13, 1, 3, 4, 2]]","[[0.11567134568192788, 0.02487252652836089, 0.2716508776934724, 0.09353505663118197, 0.1171691460413111, 0.08530963307368924, 0.03172140388154556, 0.025141535058670884, 0.013089121629407598, 0.01670970543508062, 0.037028660582655484, 0.10572890542405904, 0.051671269889926784, 0.12690889670171998, 0.039384421479076656, 0.25860951674341603, 0.013976925986233872, 0.04497522815516887, 0.07592123203364835, 0.012917418756337085]]",[6],6819.86744,7.618049805
Case: 0056,611.7384131,658297.2927,46934.38905,11362.90365,500000,100000,"[[5, 10], [6, 8], [2], [3, 4, 7, 9], [1]]","[[8, 4], [7, 8], [7], [2, 2, 4, 4], [21]]","[[0.031195167869070034, 0.023563135460046222], [0.003379134240198929, 0.057264017838864235], [0.034457471121681724], [0.007292152655415853, 0.003931259875895187, 0.01643893497167108, 0.0200725159256695], [0.0932421426985925]]","[1, 1, 1, 1, 1]",-64027.4731,-8.864083877
Case: 0057,30418.1215,1096527.269,99733.31959,27793.94954,900000,69000,"[[1, 3, 5, 7, 8, 9, 12, 14, 15, 16, 17, 18, 20], [2, 6, 19], [4, 10, 11, 13]]","[[2, 5, 13, 12, 4, 13, 5, 6, 5, 10, 1, 12, 6], [8, 9, 27], [14, 8, 59, 26]]","[[0.008593334759532925, 0.034636466776709736, 0.14396467215671896, 0.1143924966262931, 0.030202382191865683, 0.004404914009676005, 0.02125644713425067, 0.018745394686071712, 0.0043471429116533015, 0.019850031558767446, 0.017081513767971256, 0.006356881999826002, 0.013305618904013355], [0.0866525971184493, 0.0500188070315469, 0.2056791364478093], [0.07156257513954922, 0.002570132724839352, 0.037874680195344276, 0.09631664389230417]]","[4, 3, 2]",-17354.29403,-1.55800173
Case: 0058,1307.98176,174790.112,33595.42754,9194.6845,110000,22000,"[[1, 6], [3, 5], [2, 8], [4, 7], [9, 10]]","[[18, 8], [20, 4], [4, 5], [15, 24], [3, 10]]","[[0.04657923423943605, 0.08532323803570678], [0.03977811164007462, 0.03282986874687094], [0.02934984351984654, 0.0765589861110981], [0.2398695170472054, 0.08020757190684745], [0.016523770582101447, 0.017161047389244562]]","[2, 4, 1, 3, 1]",3470.042554,2.025473469
Case: 0059,5049.937684,133867.425,26983.88206,9883.542901,70000,27000,"[[2, 4, 10, 12], [3, 8, 9, 14], [1, 11, 18], [5, 6, 7, 13, 15, 19], [16, 17, 20]]","[[2, 1, 5, 33], [20, 12, 25, 26], [5, 5, 1], [1, 2, 1, 1, 3, 1], [4, 7, 6]]","[[0.0034129835828652544, 0.016029316062004934, 0.002389421539702541, 0.004048450057090616], [0.1822751873487277, 0.09771729575126559, 0.18261397155734926, 0.1923699384651366], [0.013925657118094036, 0.012709118943883681, 0.023486256981132186], [0.025087728850981737, 0.030143634074851378, 0.002526753037679874, 0.023990971505082993, 0.006242360549638301, 0.0012523658927336594], [0.007548559951786032, 0.05723003929641641, 0.03373262736605768]]","[1, 2, 1, 1, 2]",4222.592255,3.257046321
Case: 0060,1545.118543,551448.1237,28047.10346,8401.020243,500000,15000,"[[3, 5, 6, 7, 8], [2, 4, 9], [1, 10]]","[[2, 2, 4, 6, 3], [7, 8, 7], [6, 26]]","[[0.026989036732669655, 0.013567613134879985, 0.0007692208348762044, 0.022057107205582776, 0.02513293877894607], [0.06698660780978195, 0.07296735658371288, 0.02244648710345242], [0.05456858118261053, 0.058121513469300695]]","[1, 2, 2]",-341.3134976,-0.061855751
Case: 0061,49324.87838,145604.5431,33795.46979,11509.07332,90000,10300,"[[15], [1, 2, 4, 5, 6, 8, 9, 10, 11, 12, 13, 14, 16, 17, 18, 19], [3, 7, 20]]","[[9], [10, 2, 2, 4, 3, 13, 22, 5, 2, 15, 5, 10, 3, 4, 2, 10], [5, 10, 8]]","[[0.004688490966947418], [0.014883883622602229, 0.015648693586484456, 0.022232998302789353, 0.05277356062386914, 0.029396527574773422, 0.05490962178979062, 0.2260514993413145, 0.022596231959575195, 0.012118716588157176, 0.030360305975897943, 0.0026702896968979267, 0.0637162360196985, 0.026819474629704975, 0.03320560963335886, 0.00956562461945445, 0.0451853992563328], [0.018662397052076757, 0.09491861221726738, 0.03350894273839103]]","[1, 6, 2]",10577.42426,7.833555471
Case: 0062,2993.219243,1026441.376,36182.14262,10259.23312,800000,180000,"[[4], [1, 2, 8], [3, 5, 10], [6, 7, 9]]","[[39], [14, 8, 7], [6, 6, 12], [3, 11, 4]]","[[0.05652032583446672], [0.1090179468500532, 0.038203988325572584, 0.07686989412219822], [0.002970581807035885, 0.039500270173067994, 0.022075077512050595], [0.049165887579946124, 0.04443285296699443, 0.0274036752085109]]","[3, 2, 1, 2]",-176007.411,-14.63741433
Case: 0063,3569.271439,734579.3371,27415.00256,7164.334532,500000,200000,"[[12, 17, 18], [1, 3, 5, 9, 15, 20], [6, 8, 10, 19], [2, 7, 11, 13, 14], [4, 16]]","[[2, 3, 2], [3, 1, 3, 1, 1, 3], [4, 5, 3, 6], [2, 4, 4, 3, 3], [3, 36]]","[[0.01574509254682266, 0.038106009699016535, 0.020288014254651356], [0.018504800362057424, 0.027439591874720434, 0.01332095383932715, 0.010417036837754422, 0.004670220863558982, 0.013470539509568741], [0.015287090791787469, 0.0192678909291516, 0.010996699469595896, 0.002957804618721745], [0.023851256481837953, 0.009852318553354163, 0.007019922796297474, 0.007456907807023959, 0.021986978017508856], [0.0069734700173442405, 0.03913579748932398]]","[1, 1, 1, 1, 1]",-75538.34758,-9.324367189
Case: 0064,7654.253445,80402.37796,13125.10457,3677.273394,60000,3600,"[[1, 2, 3, 4, 5, 8, 9, 10], [6, 7]]","[[2, 7, 4, 5, 9, 8, 5, 2], [11, 61]]","[[0.007938258818348302, 0.038536998996603025, 0.021173223580174486, 0.06068555664605872, 0.009021977769035733, 0.08123903347949737, 0.017986266953464843, 0.021004735890050967], [0.009311185458362885, 0.06689166749455787]]","[4, 2]",7968.995114,11.00182651
Case: 0065,962.342164,93985.16492,17411.29953,4573.865389,60000,12000,"[[1, 2], [6, 8], [4, 7, 10], [9], [3, 5]]","[[6, 5], [6, 3], [1, 2, 3], [3], [7, 4]]","[[0.005868691956833599, 0.03333185405433666], [0.005447817567260852, 0.0399934720931484], [0.0014580182402744034, 0.021980408448623454, 0.01713410984922384], [0.018491803139548662], [0.013570566262424744, 0.029699866066756314]]","[1, 1, 1, 1, 2]",6545.226358,7.485396793
Case: 0066,2361.474118,170928.8073,34865.88576,10062.92156,100000,26000,"[[1, 2, 3, 7, 9, 13, 15], [11, 20], [4, 12, 17], [8], [6, 16, 18], [14], [5, 10, 19]]","[[2, 1, 1, 2, 1, 1, 2], [7, 8], [7, 2, 5], [18], [4, 3, 3], [35], [1, 2, 1]]","[[0.017423180371963793, 0.007931083917056582, 0.009379669849386136, 0.019302579288254504, 0.004095753425631674, 0.0052007519058547965, 0.011976339521246802], [0.037644490265553984, 0.025268250992524312], [0.01480800362567914, 0.03641167505417724, 0.001998600281635033], [0.0528714995703685], [0.04437882480978949, 0.02027421199291632, 0.03102877328466343], [0.039651418036573995], [0.011807654351888627, 0.029749167069279103, 0.005336044733194448]]","[1, 2, 1, 1, 2, 2, 1]",-17841.87274,-9.451612259
Case: 0067,4732.493701,78561.34556,18024.01939,5537.326175,50000,5000,"[[1, 2, 3, 4, 5, 6, 7, 8, 9, 10]]","[[4, 1, 4, 5, 4, 5, 5, 2, 3, 9]]","[[0.027858922607965197, 0.03620487632169208, 0.006146900360359073, 0.07332023752204739, 0.0074383931470128764, 0.01919583591544572, 0.013493348334279275, 0.02564782685634905, 0.012460393218120676, 0.007588271784164996]]",[5],1952.286502,2.548375514
Case: 0068,93595.3807,162724.9318,31415.87541,11309.05642,100000,20000,"[[1, 2, 3, 4, 5, 6, 7, 8, 9, 10, 11, 12, 13, 14, 15, 16, 17, 18, 19, 20]]","[[1309, 3, 4, 18, 2, 8, 10, 3, 4, 27, 2, 4, 2, 8, 9, 4, 9, 19, 3, 6]]","[[3.1383764275243484, 0.021067095325236956, 0.04415251474532511, 0.0008278613736759846, 0.006057745174906637, 0.1081274176382391, 0.054975865569188626, 0.022115513019995786, 0.03234934350158558, 0.012311712265475118, 0.0029924977404274813, 0.011893656585729637, 0.06546284410313241, 0.047750305359493574, 0.1042516915621779, 0.016658172634510877, 0.15309706713369586, 0.02082610289113542, 0.04739405518143344, 0.02723498696668743]]",[10],10627.24764,6.98711995
Case: 0069,4119.260333,117961.3802,21208.01155,7753.368644,60000,29000,"[[3, 4, 5, 7, 11, 12], [6, 8, 9, 14, 15, 18, 19, 20], [1, 13, 16], [2, 10, 17]]","[[2, 2, 3, 7, 2, 2], [0, 1, 1, 0, 1, 1, 1, 0], [10, 6, 4], [1, 2, 3]]","[[0.02086511041368291, 0.006406427368488985, 0.012992151386437332, 0.04207495882645724, 0.003912624099162723, 0.0040103618045724985], [0.001255913626881614, 0.01995537369161513, 0.0012435529509308694, 0.023906886555454507, 0.007480529237267761, 0.009303187215851513, 0.0016537203472339482, 0.0012326714346007927], [0.013113515887656139, 0.01140743751567681, 0.008368178428437883], [0.019571511602084955, 0.019553989923127114, 0.014850070931350259]]","[2, 1, 2, 1]",-7089.311342,-5.66915005
Case: 0070,551.814194,165138.3912,35302.36736,9836.023892,100000,20000,"[[2, 9], [1, 7], [8, 10], [3, 6], [4, 5]]","[[3, 8], [71, 52], [4, 10], [5, 4], [6, 5]]","[[0.0019254104577958542, 0.023420523532920276], [0.38234909557088326, 0.5408236116095321], [0.02148272701792635, 0.04058599556359181], [0.03748368500791, 0.050272198174673204], [0.021143569318984538, 0.05251236003883061]]","[2, 3, 1, 2, 2]",6857.778695,4.332671313
Case: 0071,17528.04848,97292.89432,18467.43575,6825.458573,60000,12000,"[[1, 2, 3, 4, 5, 6, 7, 8, 9, 10, 11, 12, 13, 14, 15, 16, 17, 18, 19, 20]]","[[3, 3, 3, 3, 2, 2, 1, 17, 4, 1, 1, 1, 4, 2, 2, 3, 4, 3, 3, 3]]","[[0.012821290978521893, 0.0442902252673331, 0.01306701052408558, 0.0021134720941047166, 0.016611376297137385, 0.011828994412977547, 0.022477672001610452, 0.03586287272900975, 0.01819487239833273, 0.03423663156021408, 0.0010386718373977285, 0.0011896804167820358, 0.011174695230395573, 0.017297900695266464, 0.004632575056479484, 0.0391734858081713, 0.027171006319216522, 0.0320392617641533, 0.046970555450742475, 0.04655993454582416]]",[6],2545.823569,2.686968102
Case: 0072,33734.00971,144388.7219,25856.41911,8532.302778,100000,10000,"[[1, 2, 3, 4, 5, 6, 7, 8, 9, 10]]","[[18, 3, 11, 3, 5, 21, 3, 7, 14, 9]]","[[0.1789216401211777, 0.0018345336957142839, 0.013888001537499108, 0.017677896388088046, 0.016968046792213084, 0.06515406285756514, 0.0062545422954484444, 0.07720632109450411, 0.011605032151046552, 0.10905938981142557]]",[10],7064.510094,5.144402434
Case: 0073,1880.666173,62296.47708,8121.927465,2174.549612,50000,2000,"[[1], [3, 6, 8, 9], [2, 4, 5, 7, 10]]","[[14], [1, 1, 2, 1], [9, 5, 6, 2, 4]]","[[0.024340222890920686], [0.01707363915264925, 0.009776946727066005, 0.02037399080848695, 0.0034540031599976217], [0.007639579341075271, 0.007364934934315068, 0.006966780193085439, 0.014689378660030486, 0.0039023936964926336]]","[1, 1, 3]",1506.194911,2.477690278
Case: 0074,55313.43007,125019.9808,14933.72917,7086.25158,90000,13000,"[[1, 2, 3, 4, 5, 6, 7, 8, 9, 10, 11, 12, 13, 14, 15, 16, 17, 20], [18, 19]]","[[7, 6, 2, 16, 6, 13, 7, 9, 3, 5, 1, 4, 10, 4, 12, 17, 3, 3], [7, 4]]","[[0.08270151970431996, 0.05691474147311683, 0.026767821019266228, 0.024087827730900468, 0.02606352657348471, 0.06031024626629924, 0.042279269099464035, 0.10091230067262578, 0.050421560260495116, 0.12791147278354412, 0.0038052256902816944, 0.17627675505464663, 0.02210120038658539, 0.07355833179103463, 0.12309431297730518, 0.02576594654386504, 0.04141459076144381, 0.019676905489930376], [0.01590353546262148, 0.003643511440082452]]","[7, 2]",659.7269745,0.530496645
Case: 0075,830.2371671,90773.5639,12229.4294,3544.134498,60000,15000,"[[1, 7, 8], [9, 10], [4, 5], [2, 3, 6]]","[[1, 2, 1], [3, 8], [15, 12], [1, 8, 8]]","[[0.01777277263819916, 0.012305888160519918, 0.014060088092949646], [0.026187794516027187, 0.028793282892658645], [0.014092368208941917, 0.027257573316090283], [0.04143402714641725, 0.02084485640256381, 0.013878095129857701]]","[1, 1, 2, 2]",3388.707488,3.877911605
Case: 0076,2788.929138,174135.012,31461.45473,7673.557302,110000,25000,"[[1, 5, 12, 18], [4, 10, 11], [2, 8, 9, 19], [16, 20], [17], [13], [3, 7], [6], [14, 15]]","[[1, 1, 1, 7], [35, 5, 8], [3, 1, 5, 1], [10, 3], [28], [29], [6, 12], [4], [7, 3]]","[[0.005587406535905404, 0.0073142058826756425, 0.015710689347962128, 0.028657633489543186], [0.021480273139115866, 0.02675528375793338, 0.04898600621936963], [0.02199091851622794, 0.026666906848318676, 0.03298929541144421, 0.007640891647382451], [0.02764599201534278, 0.05497445246357793], [0.06884563883401203], [0.05162323066826008], [0.014166427075786393, 0.029617405674745072], [0.028669616542553907], [0.01904171681441178, 0.02352854027743717]]","[1, 2, 1, 1, 1, 1, 2, 1, 1]",-14716.91784,-7.792834233
Case: 0077,11539.20188,76736.82792,13964.98267,5371.845248,50000,7400,"[[1, 2, 3, 4, 5, 7, 8, 9, 10, 11, 12, 13, 14, 15, 16, 18, 19, 20], [6, 17]]","[[5, 4, 3, 1, 2, 4, 13, 3, 5, 8, 16, 6, 4, 16, 5, 2, 2, 4], [8, 1]]","[[0.014084135955041585, 0.044368672015119265, 0.04004019728977323, 0.021142444560688967, 0.015788795259429046, 0.019532396717657337, 0.036118298285965716, 0.0977919137709519, 0.0166065590135024, 0.08770561762741262, 0.08438141423757826, 0.020349356634683752, 0.009797644155294974, 0.08526634225595793, 0.007163267679601776, 0.014640085132342745, 0.009029127925398029, 0.02311402125911833], [0.027263176228100625, 0.022919588541583765]]","[4, 1]",4347.605916,6.005874625
Case: 0078,17476.70545,108776.3497,18496.03666,6280.313056,80000,4000,"[[3, 4, 7, 8, 9], [1, 2, 5, 6, 10]]","[[17, 4, 5, 6, 15], [2, 2, 3, 1, 5]]","[[0.030205615522677094, 0.032981217759455034, 0.03286589401222427, 0.018369567372251084, 0.027590260030026993], [0.025909887890818373, 0.04037348389254489, 0.015602328433536636, 0.029429924088829856, 0.01942851119103068]]","[6, 2]",-2002.62742,-1.80776847
Case: 0079,1521.384608,132735.8118,24929.03313,7806.778679,80000,20000,"[[2, 4, 11, 15, 16], [1, 18, 19], [5, 7, 14], [3, 9], [13], [8, 10], [6, 20], [12, 17]]","[[1, 1, 1, 1, 1], [3, 5, 5], [2, 3, 7], [9, 1], [2], [16, 4], [1, 10], [1, 3]]","[[0.02064150776211466, 0.004832104723223897, 0.006069247793828996, 0.003317458148000804, 0.011941004700933474], [0.012995159107961403, 0.01538247347646164, 0.02049960737859346], [0.02007222164585242, 0.021549677036389544, 0.014665370490588591], [0.019304082391608496, 0.026301391772854527], [0.0037636373268972317], [0.033127855452963095, 0.014526146825656326], [0.01912689891375094, 0.029938561192847074], [0.012143422809707349, 0.014858242115322854]]","[1, 1, 1, 1, 1, 1, 1, 1]",-5894.549966,-4.25199061
Case: 0080,1282.483156,164406.6085,23278.13787,6128.470676,110000,25000,"[[3], [5, 9], [1, 2, 6, 10], [4, 7], [8]]","[[16], [2, 9], [7, 3, 2, 2], [13, 11], [17]]","[[0.045414072413718205], [0.032644925413628095, 0.02275845381578612], [0.012321689068036084, 0.019132831947018716, 0.04482902354805409, 0.0322857666140189], [0.022679243745049538, 0.022992894142256706], [0.03324158072173493]]","[1, 2, 3, 3, 2]",8593.961149,5.515573538
Case: 0081,1269.452905,496266.6447,47969.33267,20297.31202,400000,28000,"[[1, 3, 4, 5, 6, 7, 8, 9, 10], [2]]","[[4, 10, 2, 9, 12, 1, 6, 7, 8], [22]]","[[0.02997696542430237, 0.12320801971111867, 0.005784854625624344, 0.05690502848804361, 0.06812550015981463, 0.00900055750123681, 0.05752362919572233, 0.08187547827546503, 0.09352924299558385], [0.02850784733760201]]","[3, 1]",34094.95745,7.377119454
Case: 0082,25479.31454,932738.0374,59834.02956,16904.00781,800000,56000,"[[2, 3, 6, 11, 12, 14, 15, 16], [1, 4, 5, 7, 8, 9, 18, 19, 20], [10, 13, 17]]","[[12, 2, 3, 12, 5, 4, 13, 2], [4, 3, 5, 3, 4, 2, 3, 3, 6], [79, 5, 6]]","[[0.08476126660066946, 0.019702166279414134, 0.02943475626338126, 0.03585575199322816, 0.0011367825333911488, 0.029205924200114912, 0.035110182495625364, 0.02746809751702991], [0.004415451057118263, 0.007815988702950779, 0.06229491626134598, 0.0018659487422410118, 0.03889886473777859, 0.008920144885520245, 0.02670673125225834, 0.009905373306097209, 0.009661248761219803], [0.09615873849942884, 0.06387807220886667, 0.004770492943434484]]","[4, 2, 2]",-157059.8912,-14.41183609
Case: 0083,830.74862,699100.1882,77537.34653,21562.84167,500000,100000,"[[3, 9], [4, 6], [2, 7], [1], [5, 8, 10]]","[[18, 20], [36, 4], [8, 29], [32], [8, 3, 9]]","[[0.10623850334621097, 0.10446685067747677], [0.09974916857915808, 0.022425228110159342], [0.053525416739109544, 0.009157363460714387], [0.2644840414233782], [0.04411515572038937, 0.025502129373758203, 0.06633079575308953]]","[1, 1, 1, 1, 1]",-14538.0262,-2.037170362
Case: 0084,2475.01335,1363572.536,113593.1281,29979.40769,1000000,220000,"[[3], [4, 8, 14, 19], [7, 9], [11], [5, 10, 12, 16, 20], [17, 18], [1, 6, 13], [15], [2]]","[[26], [5, 8, 9, 4], [25, 7], [87], [7, 6, 5, 9, 5], [5, 32], [11, 4, 10], [7], [30]]","[[0.0488107513863747], [0.030967341164526454, 0.047790023524939274, 0.014969033029820993, 0.006973357425968546], [0.24526827587968053, 0.06792190743859697], [0.016854894125563187], [0.01020533140056332, 0.015364068404927538, 0.05232670432090595, 0.07439967172142711, 0.03991634249353956], [0.04068225794539474, 0.03432090684649652], [0.020497218679293095, 0.007549607869041587, 0.068992523493488], [0.002867436235665057], [0.14677255991367075]]","[1, 1, 1, 1, 1, 2, 1, 1, 1]",-225141.2503,-14.17129078
Case: 0085,4603.72096,502466.7711,47450.79095,15015.98012,400000,40000,"[[1, 2, 3, 4, 5, 6, 7, 9, 10, 11, 13, 14, 15, 18], [8, 12, 16, 17, 19, 20]]","[[5, 2, 2, 3, 3, 2, 6, 6, 2, 4, 4, 4, 1, 1], [15, 2, 37, 2, 4, 5]]","[[0.04459237161446679, 0.0060544466122334755, 0.03573845176339993, 0.002856111669781601, 0.008487134106484941, 0.008809329539040768, 0.08051088015500539, 0.015066311165516325, 0.0262487468276178, 0.009371393909280669, 0.015741466589276006, 0.03673789168981191, 0.018177775743250326, 0.0016308889677570714], [0.022609574673435127, 0.0086072834352779, 0.08017525216612581, 0.019497723847727858, 0.017310291908613468, 0.020722363487251698]]","[2, 2]",-70321.39861,-12.27703405
Case: 0086,3419.037978,882990.3407,45552.57259,11437.76815,800000,26000,"[[1, 2, 4, 5, 8, 9], [3, 6, 10], [7]]","[[4, 7, 4, 2, 8, 5], [14, 13, 9], [27]]","[[0.002836332905367323, 0.05301111395860917, 0.03274107971228747, 0.0026051428643151095, 0.030283676482676023, 0.06083216066318642], [0.031726828623822236, 0.007083887796222228, 0.03468175677357496], [0.08631579403787111]]","[2, 4, 2]",-95906.48323,-9.797404679
Case: 0087,3531.653487,871022.7382,54002.78163,17019.95661,600000,200000,"[[6, 8, 10, 16, 19, 20], [11, 14, 15, 18], [1, 3], [17], [4, 5, 9, 13], [2, 7, 12]]","[[2, 1, 2, 3, 2, 2], [1, 2, 1, 6], [19, 8], [17], [14, 3, 9, 3], [2, 3, 5]]","[[0.028545036629636592, 0.00643138691444852, 0.02021281660729303, 0.015357510514788765, 0.008586066594835375, 0.0065843517536295516], [0.0009565015051884126, 0.0010933043249142745, 0.01922887124252066, 0.0259268312455219], [0.040760933149496525, 0.027874385282453104], [0.11360245894039574], [0.1430436230848464, 0.028097694275322927, 0.13038812719385254, 0.013630717825330978], [0.005744045019047689, 0.015630672784515364, 0.01044608428128398]]","[1, 1, 1, 1, 1, 1]",-29681.3955,-3.295354644
Case: 0088,1961.894532,1225692.891,98538.13916,27154.75173,900000,200000,"[[1], [6, 8], [3, 10], [2, 4, 5, 7, 9]]","[[15], [5, 35], [43, 43], [12, 4, 16, 5, 3]]","[[0.020737299193832978], [0.019271433933283004, 0.15057964170306995], [0.41375655655486476, 0.15069521995177684], [0.07707392337466357, 0.03426173849598843, 0.08109402219292215, 0.06207568281607413, 0.03427897476685879]]","[1, 4, 3, 1]",-37609.05238,-2.977043816
Case: 0089,613.9166281,641089.3423,31509.41442,9579.927929,500000,100000,"[[1], [2, 7], [3, 6, 10], [9], [4, 5, 8]]","[[3], [3, 21], [8, 18, 3], [33], [7, 7, 10]]","[[0.006006397792350804], [0.0077233025550962845, 0.03662643800724836], [0.01874219807207654, 0.12924868248519897, 0.010792475001988556], [0.015609024898068254], [0.1419358188727344, 0.015015446854491904, 0.03118821755153334]]","[1, 1, 1, 1, 1]",-21130.48086,-3.190855984
Case: 0090,7264.759696,1197077.736,58907.46159,18170.27406,900000,220000,"[[13], [20], [1, 7], [15, 18], [3, 10], [2, 6, 11, 12], [4, 5, 9, 14, 16], [8, 17, 19]]","[[17], [20], [33, 3], [9, 3], [21, 33], [4, 8, 6, 6], [1, 8, 3, 2, 11], [2, 27, 3]]","[[0.04103306751318973], [0.039415379897769755], [0.17875811187174445, 0.019277651399810525], [0.03916107563689222, 0.01230281390738861], [0.023187540034403042, 0.03392126458203022], [0.02624716499073559, 0.04463680405945172, 0.0227724090880837, 0.15239794879405943], [0.017505711890651036, 0.040206486668736045, 0.013290708061236669, 0.04675415954484416, 0.09883742901441976], [0.020570350625320092, 0.1151195396096346, 0.034584104296396745]]","[1, 1, 1, 1, 2, 1, 1, 1]",-320101.4096,-21.09845832
Case: 0091,1758.093952,539110.624,17674.91725,4435.70675,500000,17000,"[[2, 4, 5, 6, 10], [1, 3, 7], [8, 9]]","[[10, 2, 6, 1, 5], [3, 18, 14], [12, 16]]","[[0.07241651178710246, 0.010564081806027985, 0.022348920813791, 0.010229897067489892, 0.009326652841905935], [0.06211486413031686, 0.04150084519697763, 0.10283080469980993], [0.025277692298861638, 0.012010053757802132]]","[2, 1, 2]",6084.932232,1.141583291
Case: 0092,13169.368,1081288.758,106724.5428,28564.21476,900000,46000,"[[1, 5, 7, 10, 12, 14, 15, 16, 19, 20], [6, 11, 13, 17], [3, 4], [2, 8, 9, 18]]","[[5, 7, 22, 1, 20, 12, 7, 18, 3, 8], [31, 91, 9, 70], [2, 28], [8, 39, 31, 7]]","[[0.03697082782125494, 0.027681438214826142, 0.09455635825885206, 0.0037568424810195686, 0.18548694344526942, 0.1960556818766509, 0.03585366324475322, 0.030583867690189965, 0.04189536077948003, 0.06646432712151876], [0.03480579684947622, 0.06069413120377612, 0.021589710553662038, 0.0820290047824194], [0.011560705628066104, 0.16167317623565153], [0.08682990959833191, 0.08307306572440668, 0.03754143303520865, 0.06322457800657666]]","[2, 4, 1, 2]",-21010.60626,-1.906070796
Case: 0093,6588.531973,668167.1641,52775.00228,15392.16177,400000,200000,"[[1, 9], [2, 6, 10, 11, 12, 13, 18, 19, 20], [3, 4, 5, 7, 14, 16], [8, 15, 17]]","[[35, 12], [2, 1, 1, 4, 4, 3, 2, 2, 2], [2, 10, 5, 6, 2, 3], [24, 2, 26]]","[[0.06293813340387523, 0.02075870044289921], [0.013971034695629277, 0.03327873885840564, 0.023609418953326397, 0.007764595197490081, 0.015068666279355438, 0.008820571376576495, 0.010036992591279277, 0.015694890403502814, 0.007320296934533585], [0.024640418578611118, 0.019106341596517112, 0.03589172573782683, 0.06644581760141269, 0.008456115644466702, 0.018391542756757195], [0.09799693338534296, 0.028870115094474628, 0.04037490089778464]]","[1, 1, 1, 1]",-200969.4991,-23.12288822
Case: 0094,1191.068698,1009961.799,39384.38739,10577.41181,800000,160000,"[[1, 2, 6, 8, 9, 10], [4], [3], [5, 7]]","[[5, 4, 1, 6, 2, 1], [21], [30], [19, 27]]","[[0.03486516053124396, 0.03634137172349728, 0.008362641359752745, 0.08744213053601342, 0.005159928050280949, 0.003103740836520555], [0.04593491929539578], [0.03042575893853744], [0.027231900777636635, 0.043009558165981766]]","[1, 1, 3, 3]",-74960.72999,-6.909316378
Case: 0095,4210.369878,597022.0083,51522.36496,13499.6433,500000,32000,"[[1, 3, 6, 7, 8, 9, 10, 11, 12, 15, 16, 19], [4, 5, 13, 14, 17, 20], [2, 18]]","[[2, 2, 2, 5, 2, 3, 3, 4, 3, 1, 1, 1], [12, 10, 16, 4, 5, 6], [98, 8]]","[[0.017856562380998215, 0.006748772278260705, 0.005064488648842185, 0.024528972109254723, 0.050599401158986916, 0.017011937376238524, 0.02688449917300616, 0.024170336775897062, 0.019555206841685227, 0.007806655855490245, 0.007702742925910014, 0.015224414688819932], [0.01591644819012566, 0.015496946678458433, 0.0314409706197296, 0.006826871917014958, 0.022955921201518813, 0.012022806976909307], [0.18120699437523607, 0.013938504717329572]]","[1, 3, 1]",-8181.56687,-1.351870215
Case: 0096,12026.38047,983620.8911,41820.63927,9800.251826,900000,32000,"[[8], [1, 4, 6, 9], [2, 3, 5, 7, 10]]","[[48], [30, 24, 19, 20], [7, 3, 11, 4, 3]]","[[0.06509949821815351], [0.043132033442660554, 0.03789351392628722, 0.029716925397317125, 0.07118931958103336], [0.026807876713621875, 0.011855759097966044, 0.05700456791483624, 0.04860086151487767, 0.029180993315864722]]","[2, 5, 2]",-13319.15239,-1.336003351
Case: 0097,21850.52612,96557.31527,18068.99164,6488.323621,60000,12000,"[[1, 2, 3, 4, 5, 6, 7, 8, 9, 10, 11, 12, 13, 14, 15, 16, 17, 18, 19, 20]]","[[7, 3, 5, 5, 2, 3, 3, 1, 2, 3, 4, 4, 5, 9, 3, 7, 2, 3, 9, 3]]","[[0.02047784383554392, 0.03939814305665514, 0.027277196131229316, 0.00698939808223133, 0.05825058510992718, 0.03353730649897111, 0.018604156024690795, 0.003096103307424444, 0.010787424486476845, 0.015337773086451876, 0.07769250775655391, 0.0435474326543862, 0.045838291815588, 0.022066696650623, 0.018997543460100574, 0.02112647607143758, 0.004419502869558529, 0.0542262717076263, 0.021113699399097855, 0.006478695039346529]]",[6],3135.307985,3.356070027
Case: 0098,24431.36205,143132.115,30081.00875,8851.106291,100000,4200,"[[2, 6, 8, 9, 10], [1, 3, 4], [5, 7]]","[[14, 3, 7, 30, 7], [3, 4, 4], [4, 7]]","[[0.06584811413151634, 0.013434277889819969, 0.0923010360415546, 0.0017627787177748981, 0.05998443565578994], [0.019049486543434427, 0.025228042884973465, 0.007638132148649443], [0.005607226057088041, 0.06653561431812205]]","[7, 1, 2]",9185.880586,6.857886393
Case: 0099,9277.032149,82257.76873,11095.48658,5162.282149,60000,6000,"[[1, 2, 3, 4, 5, 6, 7, 8, 9, 10]]","[[5, 5, 3, 2, 3, 3, 42, 15, 7, 10]]","[[0.02025519485667902, 0.11030305989489007, 0.048255572229981905, 0.004180437623571759, 0.07214264195495972, 0.06737387331961907, 0.1064508720705263, 0.18516202019335487, 0.040420515002441336, 0.04958321878568191]]",[6],2418.429697,3.029120389
Case: 0100,120609.0956,178303.8782,37713.43745,11490.44075,110000,19100,"[[1, 2, 3, 4, 5, 6, 7, 8, 9, 10, 11, 13, 14, 15, 16, 17, 18, 19, 20], [12]]","[[9, 15, 5, 20, 14, 3, 6, 2, 25, 5, 6, 5, 3, 4, 43, 5, 6, 4, 1], [15]]","[[0.05378318533770994, 0.1413755706959764, 0.06224318901586794, 0.07138836680330751, 0.13108715917491706, 0.025097128268020526, 0.028706479626721706, 0.004685310224360615, 0.04230097001767286, 0.00494667312157882, 0.007065822639135252, 0.06048258050446274, 0.009360660742133835, 0.039683472794256644, 0.22145134335192188, 0.024471001587878974, 0.03183999040906567, 0.025343636629775047, 0.02367180955505817], [0.019932911812829177]]","[10, 1]",7581.321798,4.440726497
Case: 0101,13208.95208,75112.32185,8433.461883,6678.85997,50000,10000,"[[1, 2, 3, 4, 5, 6, 7, 8, 9, 10, 11, 12, 13, 14, 15, 16, 17, 18, 19, 20]]","[[5, 3, 5, 1, 9, 10, 10, 1, 3, 8, 5, 33, 3, 8, 3, 10, 4, 1, 0, 7]]","[[0.09481292372459944, 0.03902527718176429, 0.011669098966621605, 0.012683728620832568, 0.057254664890450724, 0.11892053927255808, 0.2662599155049104, 0.020963902865097733, 0.007707496511562534, 0.0383202404739363, 0.008886388140897851, 0.08717926223433844, 0.026176661144119817, 0.03461992387139847, 0.05998056668103596, 0.18585802272970314, 0.03877305818953933, 0.041941377657319374, 0.038379639981059185, 0.05348909933553641]]",[5],6354.117864,9.241250491
Case: 0102,9905.220655,102732.647,14164.72731,4967.919698,80000,3600,"[[2, 5, 7, 8], [1, 3, 4, 6, 9, 10]]","[[3, 24, 16, 9], [1, 2, 7, 3, 1, 1]]","[[0.007781079675492641, 0.017441155334537925, 0.008573806691424898, 0.025114427323717152], [0.021368033554710716, 0.02135395643001659, 0.024666873407867808, 0.09354299507405743, 0.045262252864496824, 0.005465776964434144]]","[6, 2]",-3198.440214,-3.019359376
Case: 0103,1765.515271,66862.21701,10644.07198,4018.145026,50000,2200,"[[6, 8, 10], [1, 2, 3, 4, 5, 7], [9]]","[[2, 1, 0], [6, 4, 3, 1, 5, 4], [16]]","[[0.005072101964118605, 0.022899741882567517, 0.042631775648239986], [0.009000274445897958, 0.01234202030015772, 0.020338181285821585, 0.013224704483371746, 0.01408533451000588, 0.010535143614686698], [0.031427918565024984]]","[1, 3, 1]",1562.295349,2.392491919
Case: 0104,57517.11483,119195.7265,24005.9995,7589.727004,80000,7600,"[[3, 6, 7, 11, 13, 16, 19, 20], [1, 2, 4, 5, 8, 9, 10, 12, 14, 15, 17, 18]]","[[6, 4, 7, 9, 2, 6, 6, 5], [3, 1, 2, 4, 1, 2, 4, 2, 2, 5, 1, 2]]","[[0.016099319056141474, 0.024086709461293605, 0.01600489782348038, 0.020496376038173485, 0.02055797401682509, 0.005700212439532457, 0.02318838718128772, 0.010807355605741843], [0.01991604794856849, 0.022727548368099464, 0.013199242115108856, 0.01810451237912951, 0.006441603696972322, 0.0080715298763841, 0.014546788814693951, 0.00823313716934899, 0.012558929137961793, 0.018237986526377644, 0.05087051688548139, 0.016988427378957432]]","[5, 3]",-7762.731833,-6.114387284
Case: 0105,5515.929983,543797.9595,44434.99574,19362.96371,400000,80000,"[[1, 2, 3, 4, 5, 6, 7, 8, 9, 10, 11, 12, 13, 14, 15, 16, 17, 18, 19, 20]]","[[3, 5, 1, 10, 4, 23, 4, 1, 4, 16, 4, 2, 1, 2, 2, 7, 2, 4, 6, 31]]","[[0.07972369787543121, 0.029850231057372237, 0.022525629452585922, 0.05558678012447927, 0.04232517051079423, 0.1002912670007407, 0.12171050582298808, 0.026090704574416538, 0.018194971582153913, 0.2353839159547739, 0.018562676839593548, 0.038730471173435296, 0.026604711727821945, 0.011009922055210914, 0.019982363800541122, 0.03681214326238883, 0.025816760884500585, 0.008920537557881485, 0.07797744962996718, 0.028916533683524433]]",[4],-27132.38145,-4.75231031
Case: 0106,2671.642287,875178.4724,37515.84023,10662.63217,800000,27000,"[[3, 4, 8], [1, 2, 5, 7, 10], [6, 9]]","[[4, 16, 8], [9, 2, 4, 5, 7], [10, 22]]","[[0.02092981354929376, 0.007150140206532252, 0.0865027261708634], [0.04796770759006465, 0.03917045312558623, 0.004817118618641857, 0.017578313876821926, 0.05885143490536561], [0.05183691715059686, 0.09831392798564732]]","[2, 3, 3]",-91847.11007,-9.497898684
Case: 0107,2551.288429,494832.0748,41143.41362,13688.66115,400000,40000,"[[1, 2, 3, 4, 5, 6, 7, 8, 9, 10]]","[[27, 10, 3, 5, 5, 15, 10, 7, 4, 6]]","[[0.1300301265908511, 0.037695695833300916, 0.028256017159918417, 0.04083917935656678, 0.07153610195939894, 0.032792650334607175, 0.03852418517328984, 0.10262657992068841, 0.00810222869322865, 0.09423832177129209]]",[4],12621.54306,2.617434135
Case: 0108,40388.03776,959819.402,79142.34082,22677.06118,800000,58000,"[[3, 11, 17], [4, 10, 12, 13, 14, 15, 16, 18, 19], [1, 2, 5, 6, 7, 8, 9, 20]]","[[6, 4, 5], [2, 8, 13, 8, 5, 7, 3, 5, 11], [4, 6, 7, 3, 2, 2, 10, 7]]","[[0.013153045808123081, 0.019903605410416022, 0.04010095911680013], [0.010246832184088424, 0.04426494004221864, 0.041094653794294195, 0.03402482104129037, 0.007264610149762824, 0.010574388049708833, 0.016113896768042753, 0.02907057929577537, 0.07424502643141002], [0.013551355893556728, 0.051293328942121595, 0.03252421974095096, 0.01548702527490196, 0.007175949589028472, 0.010501050200044628, 0.0871849983772724, 0.05508877905846519]]","[2, 4, 2]",-150196.7908,-13.53104502
Case: 0109,4973.443805,635959.6619,44383.23037,14576.43151,500000,77000,"[[1, 2, 3, 4, 5, 7, 8, 9, 10, 11, 12, 13, 14, 15, 16, 17, 18, 19, 20], [6]]","[[2, 9, 8, 2, 4, 14, 10, 7, 1, 3, 7, 3, 13, 3, 1, 2, 4, 4, 4], [4]]","[[0.02141950322607363, 0.04860095598633994, 0.06133283045326694, 0.046726490824130856, 0.042044345204377595, 0.009058567989158014, 0.06114675586551293, 0.015744541705744353, 0.0530442475972196, 0.027880114254092824, 0.029008250115329384, 0.03945594535842141, 0.054413068260475574, 0.006009762062168407, 0.009239363508902724, 0.022898444006693698, 0.038716782448732834, 0.01992803883180128, 0.02904981703699481], [0.0101282861354069]]","[4, 1]",57144.10681,9.872593489
Case: 0110,20279.02406,1015147.299,48724.26158,14423.03729,900000,52000,"[[2, 3, 4, 8], [1, 5, 6, 7, 9, 10]]","[[2, 14, 4, 1], [22, 47, 6, 11, 55, 10]]","[[0.010508648546680764, 0.1553022186515809, 0.027827840693539566, 0.024482714417343232], [0.058128178173655246, 0.025711479769111322, 0.01839104438578624, 0.02808984363860859, 0.044736824325436214, 0.007990842360468127]]","[1, 8]",6513.897893,0.645814216
Case: 0111,1759.351658,558669.0575,27333.95858,8335.09888,500000,23000,"[[1, 3, 5, 6, 8, 9, 10], [2, 4, 7]]","[[12, 2, 5, 3, 9, 6, 2], [8, 12, 9]]","[[0.11712022594034638, 0.015187498558954718, 0.015463628499160382, 0.05050107050557702, 0.018163969582586998, 0.008592633760922133, 0.025247249380167716], [0.017581496127671764, 0.015105404185120477, 0.011820934669864627]]","[2, 3]",9832.003233,1.791424824
Case: 0112,32708.32535,1047362.372,55511.63958,14850.73251,900000,77000,"[[2, 3, 4, 7, 8, 9, 13, 16, 18, 19, 20], [1, 5, 6, 11, 12, 14, 17], [10, 15]]","[[1, 11, 17, 19, 9, 4, 30, 2, 3, 13, 8], [2, 1, 6, 3, 1, 8, 2], [6, 22]]","[[0.019676807658352242, 0.04147893824373172, 0.03127803447479498, 0.051985083134866036, 0.01920935751431512, 0.024184001017067275, 0.08248085742412714, 0.0075762188899663, 0.02592326024189441, 0.03190264546605733, 0.03344440056901988], [0.017675962323976054, 0.01532038253644182, 0.029403746854882572, 0.07825904104507606, 0.00917184457349087, 0.05986392151591059, 0.03440745939823096], [0.03973291204824002, 0.04155079297173424]]","[6, 1, 2]",-47105.10002,-4.303928734
Case: 0113,4164.758582,112192.07,28777.11997,9414.950043,50000,24000,"[[4, 5, 6, 7, 8, 11, 14, 17], [3, 12, 18, 19], [2, 9, 10, 16], [1, 13, 15, 20]]","[[3, 2, 2, 3, 2, 1, 1, 1], [2, 4, 2, 4], [2, 3, 9, 4], [2, 2, 3, 3]]","[[0.0013826773243696148, 0.011251748315712243, 0.005200085565490833, 0.007070400664190045, 0.006607171320252685, 0.006619990178682225, 0.018063804054151245, 0.001066212950751187], [0.023632968779716455, 0.027148163008441417, 0.021342466369232135, 0.012825935671272702], [0.03408751193122529, 0.007071883170768283, 0.06996996578356104, 0.010535367624367548], [0.03687743456926662, 0.010376413322438969, 0.03764866389302383, 0.02358542647475947]]","[1, 1, 2, 1]",-678.6099664,-0.601227853
Case: 0114,3544.725423,163280.3506,29029.27204,8251.078591,100000,26000,"[[7], [2, 4], [1, 3, 5, 9], [8, 10], [6]]","[[5], [3, 3], [19, 24, 13, 4], [7, 14], [6]]","[[0.01789640785387107], [0.02411722910501583, 0.03731966820814508], [0.1409075007973013, 0.15362598409696646, 0.004052406045543168, 0.005204450563180888], [0.023376903413592394, 0.008200512465517095], [0.022642664932690383]]","[1, 1, 4, 3, 1]",-2164.117139,-1.308062559
Case: 0115,1454.549494,92760.85101,20754.29903,7006.551973,50000,15000,"[[4, 5, 7, 10], [8], [1, 2, 3, 6, 9]]","[[3, 5, 6, 3], [10], [3, 1, 3, 5, 4]]","[[0.0034950250914623985, 0.0714446431279574, 0.017305668979858822, 0.033035212622762516], [0.02617548552889785], [0.003499854557971662, 0.007563255150638343, 0.04157745711302013, 0.00228677449628715, 0.023197918529033926]]","[2, 2, 1]",-46.6195155,-0.050232503
Case: 0116,8552.531621,190337.2025,44706.49597,13630.70655,100000,32000,"[[5, 11, 17], [14, 18], [6, 7, 8, 12, 16], [1, 2, 3, 13], [9, 10, 20], [4, 15, 19]]","[[4, 3, 2], [4, 16], [1, 4, 2, 1, 2], [4, 1, 5, 3], [57, 53, 24], [6, 2, 5]]","[[0.01022028338403132, 0.00331104118641525, 0.018740666655802263], [0.040759589905886934, 0.0515362192312337], [0.005491851651951298, 0.024568103191925414, 0.012715739971180706, 0.030331098312463223, 0.011396794293943507], [0.024071620375354943, 0.007731100244703616, 0.03580441576093729, 0.00925541940047937], [0.3421379757691989, 0.4841913287272698, 0.16282855160061288], [0.05566267866853606, 0.0020499916745389582, 0.019370735451536107]]","[1, 2, 1, 2, 3, 1]",-14111.0147,-6.901999387
Case: 0117,2010.088325,120561.6402,16104.79196,4456.848201,80000,20000,"[[1], [8, 9, 10], [2, 11, 17], [6, 14, 15, 19, 20], [3, 5, 16], [12, 13, 18], [7], [4]]","[[19], [1, 2, 2], [11, 10, 2], [1, 0, 0, 1, 1], [2, 2, 2], [1, 4, 4], [11], [5]]","[[0.009751417343644476], [0.01241586920010347, 0.01091574334791756, 0.010679327785722675], [0.013224962418944162, 0.010902492907042045, 0.006222453322469113], [0.0044176796070891575, 0.014534582971682343, 0.0069460614623294776, 0.00965468457922876, 0.0029845653467489423], [0.007408315416501048, 0.0035085106331070506, 0.00686568487094248], [0.002268699292624997, 0.015602741556010337, 0.017067804297590902], [0.008812181651462362], [0.013504914000999981]]","[1, 1, 1, 1, 1, 1, 1, 1]",-20947.13126,-14.80270873
Case: 0118,1946.877182,161499.1984,23678.83051,6820.367938,110000,21000,"[[2], [1, 4, 8, 9], [5, 7], [3], [6, 10]]","[[11], [3, 3, 2, 2], [2, 4], [41], [23, 11]]","[[0.009574288450471004], [0.04031777300213664, 0.010268798548951328, 0.02972791185301254, 0.014787364385546493], [0.018295534682802338, 0.027078999935592974], [0.023069722128372407], [0.01241378652974909, 0.029714705087371746]]","[2, 2, 1, 3, 3]",-3759.244065,-2.274766728
Case: 0119,836.218904,100220.4514,22104.83622,6115.615215,60000,12000,"[[2], [4, 7, 9], [6, 10], [1, 5, 8], [3]]","[[16], [1, 7, 6], [11, 6], [3, 5, 4], [5]]","[[0.03313556099691439], [0.01285681878623232, 0.0255255505403297, 0.032671671066049096], [0.027738404796628122, 0.024837460643753247], [0.06260914872067846, 0.022064383237283224, 0.026986072033913174], [0.012841465753027788]]","[1, 1, 2, 1, 1]",-2041.811868,-1.996642557
Case: 0120,2833.512646,197418.7318,30478.66211,9940.069691,130000,27000,"[[2, 15], [4, 6, 18, 20], [8], [9, 11, 12], [16, 17], [13, 14], [5, 10], [3, 19], [1, 7]]","[[18, 3], [1, 3, 2, 1], [22], [0, 0, 1], [7, 7], [3, 4], [11, 5], [6, 3], [1, 3]]","[[0.04933899988573246, 0.00926604122470949], [0.009510177547076698, 0.025500916984697464, 0.04100540933940574, 0.0329369095249972], [0.029570582565130062], [0.025095762339808547, 0.025473066861516618, 0.013307874093749044], [0.025494768760456966, 0.014562989377210341], [0.01690147256574496, 0.014748131397144378], [0.023482234917192472, 0.02574070521517548], [0.03327689884444998, 0.020850690179235742], [0.004405227667141824, 0.02381449043643554]]","[2, 1, 2, 1, 2, 1, 2, 1, 1]",5491.425954,2.861200979
Case: 0121,1691.94762,841332.9714,111126.1797,30206.7917,500000,200000,"[[1, 2, 3, 4, 8, 9, 11, 16, 18, 19], [13], [6, 15], [5, 14, 17, 20], [7, 10, 12]]","[[6, 3, 3, 1, 10, 2, 7, 8, 8, 3], [25], [11, 18], [14, 49, 156, 5], [4, 3, 6]]","[[0.023373465338093376, 0.0065679434593848805, 0.07016628759059536, 0.005437275477420821, 0.09436120543904569, 0.027824215307712258, 0.0456105175087326, 0.014841577548483418, 0.03899803469797626, 0.014590488735184478], [0.27297934088228964], [0.07501269201919632, 0.0024626713925051556], [0.03834560689763395, 0.07040351397049004, 0.3566311513339407, 0.003791645827346289], [0.024657569247687673, 0.0187865286446668, 0.05687666316198077]]","[1, 1, 1, 1, 1]",-28948.92332,-3.326384646
Case: 0122,1163.091449,1281655.092,80311.51538,21343.57686,1000000,180000,"[[2, 9], [1, 10], [3, 5], [4, 6], [8], [7]]","[[25, 7], [5, 3], [6, 13], [13, 12], [27], [14]]","[[0.11199342975363037, 0.03795727122146468], [0.02705031718610805, 0.03476119264480815], [0.03243163998069201, 0.07840747310267902], [0.029113998313209967, 0.09359322061119628], [0.039436261077564795], [0.1120909962769751]]","[4, 1, 2, 1, 1, 1]",13163.49839,1.037728469
Case: 0123,401.700706,779137.154,45897.02688,13240.12717,600000,120000,"[[3, 4], [5, 7], [1, 2, 8], [6, 10], [9]]","[[16, 5], [8, 3], [9, 9, 3], [16, 24], [3]]","[[0.2030927948122317, 0.05933137456788207], [0.03925018956646102, 0.027587566141818294], [0.0650042448543014, 0.027893920688096343, 0.021041059451350583], [0.05685058087823576, 0.04440092276068213], [0.010248205503963399]]","[1, 1, 1, 2, 1]",77640.01402,11.06775917
Case: 0124,5250.293305,1463340.215,71143.27232,22196.94242,1100000,270000,"[[8, 10, 13, 17], [14, 16], [19], [2, 9], [1, 11, 15], [3, 4, 5, 6, 7, 18], [12], [20]]","[[5, 1, 2, 1], [15, 8], [9], [3, 25], [2, 10, 17], [2, 3, 3, 2, 8, 4], [6], [7]]","[[0.014007631665863097, 0.005752774921182221, 0.00517781286412111, 0.013357384617105998], [0.0995399953796331, 0.0379073471933087], [0.09320784099995391], [0.007778629051114792, 0.18119143311038394], [0.01528833358470573, 0.08249598227714972, 0.014512446614568228], [0.01789434601124424, 0.010709125558360597, 0.01039097290274802, 0.009790755779005657, 0.09044294808053573, 0.02665127709731946], [0.05761800319432479], [0.03594509000055948]]","[1, 2, 1, 2, 2, 1, 1, 1]",-245023.3682,-14.34257734
Case: 0125,6069.063741,669771.6362,54874.87503,14896.76116,400000,200000,"[[9], [4, 6, 7, 10], [1, 2, 3, 8, 14, 15, 16, 18, 19, 20], [5, 11, 12, 13, 17]]","[[62], [32, 2, 3, 13], [6, 2, 5, 1, 2, 3, 4, 1, 1, 3], [5, 3, 36, 6, 8]]","[[0.023509517310087904], [0.06300528808286936, 0.003359637197284591, 0.01419525342498473, 0.04349539082714434], [0.06655552646151379, 0.014374929419231191, 0.0306107543230165, 0.02254263273546872, 0.009469074767158378, 0.01287110156403101, 0.009353631966302293, 0.007092294791222611, 0.004251401316217701, 0.055251003837476935], [0.03073350035601221, 0.006037033083365881, 0.10689467825081256, 0.02656066767147279, 0.03085902235438551]]","[1, 1, 1, 1]",-149671.8458,-18.26506026
Case: 0126,1148.662779,1075886.179,35584.61018,10301.56903,800000,230000,"[[1, 2, 5, 9, 10], [3, 8], [4, 6, 7]]","[[9, 5, 1, 1, 2], [18, 19], [29, 12, 44]]","[[0.03502935385686864, 0.0530127662167739, 0.027352056347845072, 0.024845264835619052, 0.008357449513314652], [0.013506711119728274, 0.1566735234915469], [0.03325747821608665, 0.008401814878714687, 0.03154622311485952]]","[1, 3, 4]",-110076.8711,-9.281644236
Case: 0127,876.3317518,583193.1175,43083.5258,10109.59173,400000,130000,"[[1, 2, 5], [3, 4, 8, 9], [6, 7, 10]]","[[42, 13, 35], [1, 8, 5, 2], [5, 14, 7]]","[[0.06397186007775857, 0.03256707549739306, 0.07938393914759069], [0.008461887500706823, 0.020169601148767008, 0.04645995268881989, 0.024939066384178196], [0.012927361965341437, 0.05346178115913294, 0.020961726236690514]]","[2, 1, 1]",25654.98521,4.601476334
Case: 0128,2099.303115,1182778.872,48437.41953,14341.45242,900000,220000,"[[2, 19, 20], [8, 17, 18], [7], [12, 14], [1, 10, 11], [3, 13, 16], [4, 9, 15], [5, 6]]","[[5, 3, 2], [1, 3, 2], [17], [31, 13], [4, 7, 2], [1, 7, 6], [9, 6, 1], [10, 17]]","[[0.019564165537247852, 0.03247040878381669, 0.015563537588133435], [0.015438764674222491, 0.01594728722444165, 0.013515676742198545], [0.047755786529299786], [0.09884797427421865, 0.024293349653106134], [0.028947996565421893, 0.02530170344881248, 0.039746970145841234], [0.044123341934375455, 0.027341751962951355, 0.022270952984196055], [0.032249544822160706, 0.025223867247292267, 0.054991642900667125], [0.08623350591304241, 0.05298604440715822]]","[1, 1, 1, 2, 1, 1, 1, 1]",-359566.9804,-23.31299299
