case_id,running_time,total_cost,holding_cost,penalty_cost,machine_cost,skill_cost,best_cluster,bestS,bestEBO,bestServerAssignment,GAP,GAPoolingPercentGAP
Case: 0001,352.2578911781311,608738.3853233173,58865.3783243878,19873.00699892947,400000.0,130000.0,"[[3, 4, 6, 7, 8, 10], [1, 2, 9], [5]]","[[3, 11, 7, 2, 6, 4], [18, 3, 2], [32]]","[[0.05799237191411139, 0.0004293528101896908, 0.03394010676118257, 0.007161668236272297, 0.002648967420938536, 0.038996358024794515], [0.195280197630468, 0.019126448465183517, 0.03844994047933667], [0.37940812078510394]]","[1, 2, 1]",3224.667769159889,0.5325507376092554
Case: 0002,6045.672471046448,81713.83010740054,17471.50254593293,6842.327561467618,50000.0,7400.0,"[[1, 2, 3, 4, 5, 6, 7, 8, 9, 10, 11, 12, 13, 14, 15, 16, 18, 20], [17, 19]]","[[4, 3, 2, 9, 6, 1, 2, 3, 6, 4, 2, 10, 4, 2, 1, 3, 5, 1], [11, 5]]","[[0.058852923537637394, 0.009082673702658188, 0.035199413591414486, 0.002745931919130075, 0.03870349523527077, 0.0034191641099549737, 0.0030776165004327036, 0.014239475167797628, 0.022398614950338847, 0.023411671765689715, 0.0064426472566227275, 0.0017950113231046006, 0.016831666174517812, 0.0003819610388911749, 0.039862529860334554, 0.03727844540627705, 0.03489629181935203, 0.015476882072427789], [0.04975101814440689, 0.00032796100757299235]]","[4, 1]",4535.756283016875,5.877001145866699
Case: 0003,29601.569648981094,115573.59719637444,19795.45350422333,7778.143692151103,80000.0,8000.0,"[[1, 2, 3, 4, 5, 6, 7, 8, 9, 10]]","[[22, 14, 48, 19, 29, 16, 7, 5, 4, 3]]","[[0.008844606049262078, 0.000923630954127927, 0.08749692942078335, 0.2103308283746502, 0.09532566256227457, 0.23318866491287712, 0.07115569679285702, 0.008924571585507966, 0.05282121962967716, 0.03639149586095097]]",[8],3066.5835230522353,2.7256820912129385
Case: 0004,4003.379525899887,1221376.2756166712,47822.40042117272,13553.875195498402,900000.0,260000.0,"[[5, 7, 8, 12, 15], [2, 4, 9, 11], [1, 14, 16, 17, 19], [10, 18], [3, 13], [6, 20]]","[[2, 3, 4, 11, 4], [3, 4, 5, 9], [2, 2, 2, 3, 4], [5, 4], [8, 7], [13, 10]]","[[0.030563474178325126, 0.04018573228432928, 0.001487807169036501, 0.0005183187956434642, 0.005149102826492576], [0.018055858596388284, 0.03267707141817057, 0.040871047171143364, 0.010388280836941936], [0.009229141316247212, 0.022032284976128406, 0.04303101169359847, 0.011107132569636224, 0.022747948642091884], [0.0050505233650468915, 0.04908298306039392], [0.04432437689160049, 0.07461858607951828], [0.01591637222155981, 0.08184436357196072]]","[1, 1, 1, 1, 3, 2]",-318384.4862169486,-20.677529529834317
Case: 0005,659.0208768844604,97020.83611886679,15048.666981898434,5972.169136968373,60000.0,16000.0,"[[1, 2, 6, 10], [7], [4, 5], [3, 8, 9]]","[[3, 2, 3, 2], [24], [6, 6], [9, 1, 0]]","[[0.019744126211828958, 0.006423599868963203, 0.0730845274903817, 0.019361402767526237], [0.004543021175296415], [0.0519616187636201, 0.024991558385889723], [0.006132543741116263, 0.029173122335795325, 0.042391934081448666]]","[2, 1, 2, 1]",-1762.0989855018706,-1.7838090998613607
Case: 0006,5872.4488689899445,609200.7771311551,58202.38072839462,17998.396402760478,500000.0,33000.0,"[[6, 9], [1, 2, 3, 5, 10, 11, 12, 13, 14, 15, 16, 17, 19], [4, 20], [7, 8, 18]]","[[4, 10], [3, 4, 5, 1, 7, 1, 7, 7, 5, 2, 6, 6, 1], [14, 14], [2, 14, 10]]","[[0.06174100630347828, 0.016903614062045963], [0.00342534466659359, 0.01213297542444161, 0.0016997366564433219, 0.015867999400800723, 0.007096548306524949, 0.033347569569683995, 0.08422925395614027, 0.0009655485281781293, 0.02641843838992805, 0.00930317994349949, 0.035826379887010304, 0.032655616743339416, 0.00696081219144535], [0.18398708178870674, 0.06633894174899264], [0.025603764441091168, 0.05617498658131251, 0.05105051267112468]]","[1, 2, 1, 1]",23578.477345690364,4.026226008525979
Case: 0007,2695.706237077713,978989.4670986327,38165.680588941665,10823.786509690997,900000.0,30000.0,"[[1, 3, 5, 6, 9, 10], [4, 8], [2, 7]]","[[4, 1, 3, 4, 4, 8], [82, 114], [10, 18]]","[[0.01318537944039521, 0.017602483287763718, 0.032103681543764195, 0.037022165530128534, 0.06014794156365033, 0.02082427190513779], [0.08483465550397506, 0.0014359176103214688], [0.08793623497813689, 0.06818037953477646]]","[3, 5, 1]",-17692.7481028958,-1.7751644238297497
Case: 0008,3278.5967910289764,183646.64919495932,32226.154399114475,10420.49479584486,110000.0,31000.0,"[[1, 9, 11, 19], [5, 8], [10, 15, 17], [6, 7, 20], [2, 4, 16, 18], [13, 14], [3, 12]]","[[1, 14, 23, 5], [17, 5], [8, 6, 4], [4, 3, 3], [3, 3, 2, 4], [7, 5], [4, 14]]","[[0.0006342687898484396, 0.011854386801163273, 0.00861794930423399, 0.018814257071893527], [0.01490772397537101, 0.050507641699406115], [0.013810106822548386, 0.000538704465872915, 0.010234062239733513], [0.07941193151646643, 0.06332149810355359, 0.07570201284510236], [0.027155400075942585, 0.01591479095068628, 0.039162105277616585, 0.0071309979353070185], [0.023129312305866026, 0.03021239128397696], [0.005288710273602146, 0.046683259454205706]]","[2, 2, 1, 2, 1, 1, 2]",-939.2284338569152,-0.5088300610654569
Case: 0009,1049.6461560726166,68652.92943595955,12417.197736563669,3935.7316993958966,50000.0,2300.0,"[[1, 4, 5, 6, 7, 8, 9], [2, 3, 10]]","[[3, 2, 2, 3, 1, 5, 2], [625, 1185, 444]]","[[0.006582297508178274, 0.03792499535859727, 0.0009514546098718654, 0.008493523506140256, 0.004654507413242695, 0.017204713302274223, 0.028648533085541734], [0.7647892858737585, 1.528707842303238, 3.12276501120082]]","[2, 3]",1126.9169104081811,1.6688634027986824
Case: 0010,5743.184968948364,675347.7058221863,57652.5327571423,17695.173065044073,400000.0,200000.0,"[[2, 8, 9, 10, 12, 14, 15, 16, 18], [4, 5, 11, 20], [1, 3, 17], [6, 7, 13, 19]]","[[3, 4, 2, 2, 2, 5, 5, 6, 3], [11, 5, 10, 6], [12, 11, 3], [5, 18, 1, 2]]","[[0.008039623404359429, 0.018227205702375654, 0.018683591201582677, 0.04113028365459844, 0.02442890389160338, 0.02644776231618985, 0.015885781337286565, 0.038773466552564514, 0.007128813076324376], [0.03315814418838983, 0.01846424609394993, 0.03557421766985036, 0.0504562474714865], [0.025981078952338397, 0.07499328835674426, 0.06056654352965472], [0.04399732870065158, 0.02113161883400703, 0.03833426662584133, 0.04305101616047383]]","[1, 1, 1, 1]",-163055.93727488874,-19.44838129192256
Case: 0011,317.2148687839508,1042867.6366016334,87666.36571371517,25201.270887918243,800000.0,130000.0,"[[2], [3, 4], [8, 9], [6], [5, 10], [1, 7]]","[[13], [40, 16], [11, 16], [12], [12, 8], [4, 26]]","[[0.09992893618112757], [0.02253716916790852, 0.14400210167587188], [0.07359711242704944, 0.14328499533679995], [0.03543281274746326], [0.09458009332406396, 0.02399779033233492], [0.034171162727317995, 0.048091606570457524]]","[2, 2, 1, 1, 1, 1]",-73446.69032005966,-6.579391534156291
Case: 0012,412954.4061291218,141767.07633081387,32603.01394548147,9964.062385332378,90000.0,9200.0,"[[13, 14], [2, 3, 5, 6, 8, 9, 10, 11, 12, 15, 16, 17, 18, 20], [1, 4, 7, 19]]","[[9, 3], [6, 4, 10, 2, 6, 4, 3, 9, 7, 18, 2, 5, 4, 6], [2, 4, 3, 6]]","[[0.05737637518878916, 0.012920397388968628], [0.02117475176375375, 0.050027267148093496, 0.03852896509686723, 0.007898431208462077, 0.013945519850283208, 0.028082786556398443, 0.009954742173105243, 0.09084050625338047, 0.04667939856511569, 0.1418433586260194, 0.0032744033058252605, 0.021778618021239846, 0.011600983420766603, 0.020851119332121193], [0.005422331510912304, 0.03061806578725821, 0.007455854950469587, 0.008215473938443529]]","[2, 6, 1]",1804.6009661043354,1.2893462775661595
Case: 0013,556.6570091247559,611169.01251547,70262.91891785504,24906.093597615007,500000.0,16000.0,"[[2, 3, 6, 7, 8, 10], [4, 5, 9], [1]]","[[3, 6, 6, 4, 7, 7], [11, 47, 3], [11]]","[[0.012709358628644606, 0.06112804317518035, 0.005623689339989139, 0.019450837900999666, 0.03206011935841371, 0.05114088728861935], [0.0891805871604793, 0.455793725414848, 0.004431413061016518], [0.05007154909759332]]","[1, 3, 1]",13076.107959118322,2.186300465948147
Case: 0014,3608.853518009186,131973.2963434909,29592.406991980726,8380.889351510168,70000.0,24000.0,"[[1, 3, 10, 11, 17], [9, 14, 18], [12, 13, 15, 19, 20], [8], [4, 5, 6, 16], [2, 7]]","[[3, 2, 2, 1, 1], [3, 2, 2], [7, 3, 3, 2, 1], [5], [3, 3, 3, 4], [3, 5]]","[[0.01900427758853262, 0.01140284838175887, 0.013525802908065073, 0.012167031135647764, 0.01221579155625567], [0.026218342059420186, 0.010840637930360593, 0.019112569891249695], [0.009112023764419067, 0.0053458742641885985, 0.01763037453184471, 0.018982163868674427, 0.0017235303005360594], [0.037279657811420154], [0.03807637433420194, 0.018620583033878948, 0.016062407982958986, 0.025572246291432666], [0.006515551713184097, 0.01775493405742954]]","[1, 1, 1, 1, 2, 1]",-13889.502232241968,-9.522306145134364
Case: 0015,73016.1696779728,181559.05873160192,30918.492334950537,7640.566396651384,120000.0,23000.0,"[[2, 8], [5], [4, 7], [1, 3, 6], [9, 10]]","[[6, 12], [30], [5, 4], [2, 0, 2], [41, 19]]","[[0.01797571271600482, 0.0531674530144693], [0.01948086855855551], [0.019234468713616008, 0.020982532672648668], [0.019409809413959284, 0.009554737461278644, 0.005222060489981202], [0.21858461786868855, 0.1468398546198492]]","[4, 2, 2, 1, 3]",4433.348525528039,2.50293902583094
Case: 0016,33890.27834701538,1120740.8086357112,63986.50820565363,18754.300430057592,1000000.0,38000.0,"[[13, 17], [1, 5, 10, 14, 16, 18, 19], [4, 7, 8, 20], [3, 11, 15], [2, 6, 9, 12]]","[[10, 22], [2, 5, 4, 2, 2, 2, 1], [4, 5, 5, 8], [20, 7, 6], [21, 6, 4, 6]]","[[0.012107023356388098, 0.0856829377323721], [0.003780965568453973, 0.05996626571123586, 0.01411350686091447, 0.006763019807291314, 0.025124484085103094, 0.03491332509064685, 0.00725474736442959], [0.012866202820213559, 0.00652281318887972, 0.050051616891630415, 0.03844050693567578], [0.021091994693694206, 0.04826997605141475, 0.04473274164454335], [0.038401960831549606, 0.04298481195385948, 0.04150087858031355, 0.054239379708232144]]","[1, 1, 2, 3, 3]",-27520.39465485839,-2.396701602039088
Case: 0017,759.0740139484406,445857.19381103764,19167.59558835231,4689.59822268533,400000.0,22000.0,"[[1, 3, 4, 6, 7, 8], [2, 5, 9, 10]]","[[5, 20, 8, 31, 3, 12], [1, 2, 4, 2]]","[[0.012960552766164427, 0.04280739377323405, 0.010316937321328441, 0.03275047880991333, 0.0102377181507439, 0.03062937205980741], [0.016634748063649625, 0.009111263954361213, 0.012000770082341707, 0.02870518710764583]]","[3, 1]",-11621.674620423175,-2.540374085533161
Case: 0018,3942.222585916519,89499.07947591838,13219.537772144611,6279.54170377376,50000.0,20000.0,"[[3, 14], [4, 12, 16], [2, 6, 8, 13, 18, 20], [1, 7, 10, 17, 19], [5, 9, 11, 15]]","[[8, 10], [2, 3, 4], [3, 0, 1, 2, 3, 1], [0, 2, 2, 4, 3], [8, 2, 3, 2]]","[[0.015530185426258196, 0.013545880916099188], [0.02572631113097103, 0.018276123615701394, 0.017217042766623357], [0.017600051775234018, 0.05571293836951524, 0.03374306202431672, 0.02943617955818965, 0.02253966683985009, 0.022443577426705177], [0.05789892218426735, 0.03240166251776391, 0.01116414996067497, 0.015037949629268098, 0.011722513410141692], [0.018789558880938823, 0.01222857592481584, 0.013758817590657255, 0.014601118419027314]]","[1, 1, 1, 1, 1]",-11850.689024662526,-11.692862450489566
Case: 0019,1294.713129043579,142770.2715657233,18094.25249523794,4676.019070485367,100000.0,20000.0,"[[6, 8, 9], [2, 3, 7], [1, 4], [10], [5]]","[[5, 11, 9], [1, 1, 1], [7, 9], [5], [17]]","[[0.013337477586991393, 0.013279668402544352, 0.029024427702425814], [0.002575972830080878, 0.01855785254949012, 0.013074316792964401], [0.008083559350529783, 0.03039738489669596], [0.020576348527152233], [0.01690753333317746]]","[3, 1, 2, 1, 3]",-9781.110091712326,-6.411682401983396
Case: 0020,3326.231148004532,878770.2414491702,87006.67811437768,24763.563334792485,700000.0,67000.0,"[[1, 4, 9, 10, 12, 14, 15, 17, 18, 19, 20], [2, 3, 5, 6, 7, 8, 11, 13, 16]]","[[7, 2, 10, 3, 4, 2, 7, 10, 8, 2, 7], [7, 61, 9, 40, 8, 28, 3, 30, 13]]","[[0.0733055435996929, 0.01020793096830967, 0.08345720053989254, 0.04129108396910755, 0.04633035641982079, 0.04716751241800981, 0.05319027808302532, 0.045525844003765206, 0.01778381650722457, 0.0315285637056908, 0.07528058605459628], [0.01783613030356612, 0.06458997575469602, 0.04576661122113456, 0.1216024400899915, 0.017304151037004917, 0.073764673534578, 0.01884799016798377, 0.07618079001276507, 0.0430359111020387]]","[2, 5]",-119388.77533095924,-11.960897344401562
Case: 0021,934.3900580406189,73042.65304843265,15566.184001171798,5876.4690472608545,50000.0,1600.0,"[[3, 4, 9, 10], [1, 2, 7, 8], [5, 6]]","[[0, 14, 9, 5], [6, 2, 6, 2], [11, 14]]","[[0.05713171298820339, 0.021330722227690203, 0.03823220471913233, 0.09367993901833312], [0.05050645665963845, 0.037069884798380914, 0.02563354315988145, 0.04573032601566238], [0.0312777019087634, 0.02179123672293852]]","[2, 1, 2]",4477.89535382473,6.530899407199219
Case: 0022,8502.578829050064,836855.9616726605,27395.173469119087,9460.788203541557,600000.0,200000.0,"[[1], [6, 8, 16, 19], [5, 9, 11, 18], [7, 17], [2, 12, 13, 15, 20], [3, 4, 10, 14]]","[[48], [1, 1, 7, 4], [6, 4, 2, 1], [10, 6], [3, 1, 2, 1, 2], [5, 4, 1, 2]]","[[0.030048411835422985], [0.040596358282188966, 0.044336774472062614, 0.020221881216947804, 0.02212449287867046], [0.02266690976140777, 0.01655715899666197, 0.01498779113943112, 0.016668102434031776], [0.09540909880175164, 0.011096208585752443], [0.016527731544056793, 0.010444992905826194, 0.018471327340189914, 0.03954230341156743, 0.024637971628258374], [0.06657567861969567, 0.017664518561906577, 0.0030498000157473493, 0.03093877758594436]]","[1, 1, 1, 1, 1, 1]",-72616.59451415588,-7.984473420354596
Case: 0023,439.43662905693054,1135294.8017917455,65989.76571608923,19305.036075656368,900000.0,150000.0,"[[1], [10], [2, 5], [7], [4, 8, 9], [3, 6]]","[[19], [73], [4, 91], [69], [10, 1, 7], [21, 12]]","[[0.06501306279586186], [0.2933925467204552], [0.059297471992706685, 0.255437910906161], [0.34426906974358934], [0.07777096663717073, 0.08117042919048674, 0.09372737262459503], [0.12700595245123975, 0.3268987753739298]]","[2, 1, 3, 1, 1, 1]",-52416.99896424124,-4.413275925260443
Case: 0024,163452.04119586945,151580.19906065305,18371.677351930764,8508.52170872229,110000.0,14700.0,"[[1, 2, 3, 4, 7, 8, 9, 10, 11, 12, 13, 14, 15, 16, 17, 18, 19, 20], [5], [6]]","[[6, 2, 12, 7, 8, 5, 3, 3, 5, 9, 3, 7, 6, 7, 2, 10, 2, 3], [11], [22]]","[[0.01909483843908117, 0.09059085020564689, 0.036800469403049874, 0.01960619404958812, 0.017139212462257428, 0.01022887423898837, 0.014692552386004507, 0.05379477116976478, 0.016306624043565632, 0.05571969856465721, 0.010839830163281014, 0.08797709790379184, 0.009686873405120222, 0.137074125896185, 0.004235493085422138, 0.055939487300455545, 0.015597089387447824, 0.022644979252914137], [0.006595927549667091], [0.024553768822426623]]","[8, 2, 1]",11899.37567076998,8.518975892314105
Case: 0025,404.6001319885254,82532.7972833839,14557.704204283415,4975.093079100481,50000.0,13000.0,"[[6, 7], [1, 2, 10], [3, 4, 8], [5, 9]]","[[8, 3], [4, 26, 4], [0, 4, 3], [10, 3]]","[[0.022368622411786835, 0.014322284629885286], [0.01902566319932575, 0.10903195885476104, 0.01156182167996255], [0.07435464922812604, 0.025125365432476815, 0.018206099780936177], [0.02906557597873907, 0.027695130674044728]]","[1, 2, 1, 1]",2189.8328206476,2.7256061999843952
Case: 0026,4205.651998996735,495926.79047123203,28995.578529668088,10931.211941563906,400000.0,56000.0,"[[1, 2, 3, 4, 5, 6, 7, 8, 9, 11, 12, 14, 15, 16, 17, 18, 19, 20], [10, 13]]","[[5, 2, 7, 5, 4, 7, 3, 8, 4, 4, 3, 3, 4, 2, 2, 3, 1, 2], [17, 5]]","[[0.06669142102895007, 0.009723595429247197, 0.012167530902946259, 0.03238133773426329, 0.01154224610675188, 0.013493347868794768, 0.009224888523146789, 0.031041871708901013, 0.01603367872179276, 0.01695550864463468, 0.012468044781932013, 0.01827255943287873, 0.017573882416847434, 0.06147604334862883, 0.046697493380005464, 0.01653912923962797, 0.016241681613587966, 0.07433667331699657], [0.05038261783019836, 0.01639999025236183]]","[3, 1]",-65555.38504309254,-11.675416941427036
Case: 0027,1260.1148710250854,850871.0680314337,100677.05236994248,24194.015661491245,700000.0,26000.0,"[[1, 3, 9, 10], [2, 4, 7, 8], [5, 6]]","[[4, 10, 8, 10], [9, 62, 60, 107], [17, 12]]","[[0.036027261617914294, 0.04123421654256713, 0.08502286409059902, 0.04715147745965313], [0.023557575554000107, 0.051836912755041806, 0.17850916812383558, 0.19812338968997026], [0.04772712109611522, 0.05530865552029251]]","[1, 5, 1]",-120407.7120961321,-12.396823091339234
Case: 0028,2398.6279439926147,173089.09464930094,29499.05205055667,9590.042598744252,110000.0,24000.0,"[[15, 17, 18], [1], [3, 5, 10, 16], [12, 13], [6, 7, 8], [9, 19], [2], [11, 14], [4, 20]]","[[1, 3, 4], [9], [1, 0, 0, 0], [19, 7], [4, 3, 6], [9, 4], [7], [5, 5], [9, 3]]","[[0.0031163233349578135, 0.018262734843117738, 0.02963581492714492], [0.01794655890155975], [0.008563105180881858, 0.010034912565724903, 0.024736503386961997, 0.03247062001251888], [0.06037228259139333, 0.019542319269391054], [0.015593434127175754, 0.01994273586531197, 0.026682355264840907], [0.00927881046759764, 0.013163643543010996], [0.015545668657947872], [0.021321439773177374, 0.018784287575963596], [0.017615609396038116, 0.010324689840008672]]","[1, 1, 1, 1, 1, 2, 1, 1, 2]",-17232.599800912838,-9.054459004630559
Case: 0029,630.0426249504089,684365.8781654348,51409.50795629299,12956.370209141856,500000.0,120000.0,"[[2, 5, 7, 10], [1, 4, 6], [3, 9], [8]]","[[4, 2, 4, 4], [5, 35, 2], [103, 9], [15]]","[[0.03974629932898596, 0.017775287885151547, 0.022628494312657642, 0.018882919660790413], [0.02650636258304595, 0.15801123177436677, 0.019683702485146955], [0.19768202679619448, 0.022590271142621257], [0.036417629954813555]]","[1, 1, 2, 1]",3109.078493621899,0.45637393933090414
Case: 0030,12937.578458070755,91317.23059827424,16910.923949850585,7006.306648423651,60000.0,7400.0,"[[1, 2, 3, 5, 6, 7, 8, 9, 11, 12, 13, 14, 15, 16, 17, 18, 20], [4, 10, 19]]","[[3, 2, 2, 2, 6, 8, 3, 1, 2, 14, 9, 1, 3, 3, 1, 5, 6], [7, 3, 8]]","[[0.04277143149696195, 0.021060981523630264, 0.033926081811505485, 0.020828176349995293, 0.013378268950004709, 0.03994819327068801, 0.06013003911054178, 0.02482479318590646, 0.003351910952934034, 0.022606028605558222, 0.10602763845841486, 0.008013362325566075, 0.023964499522267972, 0.007749593971535499, 0.023597573645887934, 0.011788369727035793, 0.01728978570878566], [0.018680812741929228, 0.014995474388114893, 0.015857098384960508]]","[4, 2]",2488.163594615995,2.8010691528635836
Case: 0031,6902.628576993942,144352.09307439867,24657.01571729593,6495.077357102759,110000.0,3200.0,"[[3, 5, 6, 9], [4, 7, 8, 10], [2], [1]]","[[6, 7, 38, 11], [2, 3, 3, 2], [20], [28]]","[[0.04968930359128343, 0.03397008014799521, 0.030333230582179117, 0.02116745656479434], [0.009319341753363528, 0.010553066151481121, 0.015650138397192048, 0.040864186302279185], [0.0333047688710656], [0.033663454530228364]]","[5, 2, 2, 2]",5441.747689354786,3.9174531416438945
Case: 0032,2123.982179880142,1353662.657881095,98591.68722555057,25070.97065554444,1000000.0,230000.0,"[[4, 17], [8, 10, 14], [3, 5, 9], [1, 2, 16, 18], [13], [6, 7, 15], [20], [11, 12, 19]]","[[21, 14], [10, 3, 15], [11, 7, 6], [7, 5, 2, 7], [11], [18, 4, 7], [124], [2, 7, 7]]","[[0.035252821728637085, 0.035579296100069886], [0.03195460487157952, 0.013123351319919442, 0.08067752575080239], [0.028966576209169623, 0.039410210603003884, 0.045492848080685565], [0.06849058752005567, 0.06919508673086058, 0.03285739666959918, 0.02076682104300176], [0.03395749344602156], [0.10027157327632631, 0.021685416903659913, 0.01958416325397743], [0.14178329003317514], [0.0068571479645557825, 0.018511036380188233, 0.03971609555153689]]","[2, 1, 1, 1, 1, 1, 2, 1]",-157953.04644731153,-10.449285886288688
Case: 0033,41648.53732895851,141495.9536316957,25496.478970851465,7999.474660844257,100000.0,8000.0,"[[1, 2, 8, 14, 15, 19], [4, 10, 12, 16, 18], [3, 5, 6, 7, 9, 11, 13, 17, 20]]","[[3, 1, 1, 1, 3, 6], [2, 1, 1, 1, 1], [12, 1, 4, 13, 10, 8, 12, 7, 10]]","[[0.012740736446190896, 0.007229294351282042, 0.016392012354006637, 0.019747131710579784, 0.011902652927498718, 0.013515180842997717], [0.010926992902483782, 0.01506646696223197, 0.03295705119443903, 0.007112346981273185, 0.021430810301630698], [0.015610744559602414, 0.024375771206458584, 0.013738596503023823, 0.01410752941542644, 0.01602017524757275, 0.017749575129064787, 0.015856168889074856, 0.006695350219470724, 0.01919896060834039]]","[2, 1, 7]",3902.750593264267,2.836441413587982
Case: 0034,494.06545090675354,1201087.6079014486,72603.22085532642,18484.387046122236,900000.0,210000.0,"[[5, 9], [2, 7, 10], [1, 6], [3, 4, 8]]","[[15, 72], [18, 8, 10], [17, 47], [8, 10, 6]]","[[0.03089700500638361, 0.14952668587205814], [0.036991043622339466, 0.11148866676736388, 0.03637064217632096], [0.056300054581070395, 0.1661609421743587], [0.03156536129417501, 0.1682679878699265, 0.051092969973595435]]","[4, 2, 2, 1]",-58824.112347319955,-4.668907464064639
Case: 0035,3862.412544965744,777349.3563596674,61478.11858215277,15871.237777514665,500000.0,200000.0,"[[4], [1, 7, 8], [2, 3, 6, 11, 12, 14, 15, 16, 17, 19], [9, 10], [5, 13, 18, 20]]","[[92], [3, 7, 12], [3, 6, 3, 1, 4, 4, 2, 2, 2, 5], [1, 11], [12, 7, 7, 6]]","[[0.12108753680115654], [0.03364314187689013, 0.021232553581442815, 0.0358545248045832], [0.02319027056977881, 0.015016738514124326, 0.016666527532606806, 0.002958921894079528, 0.028634723960209416, 0.04631870432131996, 0.02034057345158326, 0.014266032695873291, 0.016713233673330708, 0.04558530774414199], [0.0028156086906006923, 0.02686677502347972], [0.04678708977612768, 0.035894215691181494, 0.013738866907437572, 0.025933804551915587]]","[1, 1, 1, 1, 1]",-104201.43446158478,-11.820241731563849
Case: 0036,990.0176091194153,74453.28178513283,15077.653863382246,4375.627921750585,50000.0,5000.0,"[[1, 2, 3, 4, 5, 6, 7, 8, 9, 10]]","[[2, 5, 5, 4, 1, 5, 3, 1, 7, 8]]","[[0.0171229753330078, 0.04770401602342546, 0.012187957809664899, 0.021926612411830974, 0.0022027044627566396, 0.03893544081366718, 0.01690828854557767, 0.02482582333316832, 0.01075742339576182, 0.02895687709924485]]",[5],3484.310769412841,4.9096256005192025
Case: 0037,7293.308461904526,880806.9958304723,37790.02074210103,10016.975088371315,800000.0,33000.0,"[[6, 7, 9], [1, 4, 10, 12, 15, 16, 18], [3, 5, 11, 13, 20], [2, 8, 14, 19], [17]]","[[6, 18, 13], [3, 3, 2, 3, 3, 1, 2], [12, 1, 8, 11, 10], [1, 2, 2, 12], [27]]","[[0.010089821091918166, 0.021368489078138965, 0.031461138163669494], [0.007220214774163944, 0.01205555530335792, 0.02519994343378002, 0.031126725708150494, 0.006906278738502031, 0.02313366898678978, 0.024593980267482454], [0.011938112446975593, 0.0214754031883915, 0.014079884717426723, 0.018689952254951042, 0.015034353219790863], [0.020770508416471406, 0.007503763555822756, 0.023847896922058454, 0.023699206648122962], [0.04096054625799921]]","[2, 1, 3, 1, 1]",-204888.5445964362,-18.87163914442087
Case: 0038,864.1221969127655,144903.175979547,25776.605489986454,7126.570489560562,90000.0,22000.0,"[[2, 4, 7, 9], [3, 5, 10], [6, 8], [1]]","[[3, 4, 2, 3], [4, 4, 13], [3, 3], [42]]","[[0.009092932678435637, 0.014452327454103655, 0.01679066945426912, 0.011535252594948036], [0.009035934859895803, 0.019688312047857363, 0.0190168019445026], [0.014742857870716405, 0.052314191537550604], [0.0373090974004402]]","[2, 3, 1, 3]",-7235.0482179870305,-4.755575566987788
Case: 0039,3575.327099084854,108755.21383895582,18863.721117331268,7891.492721624545,60000.0,22000.0,"[[2, 3, 13, 15], [5, 6, 17, 18, 20], [1, 7, 8, 9, 12, 16, 19], [4, 11], [10, 14]]","[[2, 2, 1, 1], [4, 2, 1, 1, 1], [1, 1, 0, 1, 1, 1, 1], [10, 7], [4, 9]]","[[0.017123831383183657, 0.004638747268832516, 0.0076081810003273305, 0.021620240188202654], [0.01067623273629974, 0.01850114501413919, 0.01657566995173848, 0.006398979363517823, 0.007951243419724655], [0.004507504568661412, 0.005050010735637701, 0.018622768813629197, 0.022408179295591128, 0.017648217763140257, 0.012301051492457183, 0.026458333381158425], [0.020467044321503286, 0.010556110490023755], [0.01545136313795691, 0.013021445022671583]]","[1, 1, 1, 2, 1]",-10368.742797489132,-8.704162529736612
Case: 0040,615.9554498195648,478073.04903586046,48633.685777865634,13439.3632579948,400000.0,16000.0,"[[1, 3, 4, 6, 7, 9, 10], [2, 5, 8]]","[[3, 4, 3, 5, 5, 4, 10], [21, 3, 33]]","[[0.01566556827526501, 0.040026801112821545, 0.04022358939660754, 0.013094507005544664, 0.022387524786298706, 0.025399278908982192, 0.06179343122775085], [0.024483803555714775, 0.016661039645407376, 0.09719355993915264]]","[1, 3]",-16305.0558822772,-3.2980942562124786
Case: 0041,2772.0679149627686,1397077.041535064,36565.62472118051,10511.416813883821,1100000.0,250000.0,"[[17], [2, 10, 12, 13, 19], [3, 15], [6, 9], [4, 7, 11, 20], [1, 16], [5, 8, 18], [14]]","[[21], [1, 0, 3, 2, 2], [4, 50], [10, 9], [2, 3, 1, 4], [16, 5], [2, 8, 1], [11]]","[[0.0208359975395098], [0.01749146667188516, 0.008054071485054307, 0.031198963489862893, 0.019639542356188564, 0.018317377057244986], [0.03457223204466292, 0.16316650311884137], [0.033067432476669, 0.02153050522919836], [0.028104836336482232, 0.026857906356923724, 0.020153590462478367, 0.03331893633640044], [0.017726962944728586, 0.032246791706442596], [0.021916995033687006, 0.03166174731707366, 0.038603985177403974], [0.04099830063329494]]","[2, 1, 1, 2, 1, 2, 1, 1]",-153010.2215982487,-9.8710714704511
Case: 0042,4948.628306865692,131152.26509473196,21622.829389582046,6529.435705149918,100000.0,3000.0,"[[1, 2, 5], [3, 6, 7, 8, 9, 10], [4]]","[[7, 29, 18], [2, 2, 1, 2, 1, 4], [40]]","[[0.03354173032511563, 0.04558638623672488, 0.010647656771725715], [0.027220541197313056, 0.04380873740856115, 0.022464225379661595, 0.017310467081209438, 0.01101906206997, 0.011808536541425331], [0.015303555940353798]]","[5, 2, 3]",5001.260433359217,3.9645030547193065
Case: 0043,18309.08723807335,85443.24878405628,8071.542830557971,5371.705953498305,60000.0,12000.0,"[[1, 2, 3, 4, 5, 6, 7, 8, 9, 10, 11, 12, 13, 14, 15, 16, 17, 18, 19, 20]]","[[17, 7, 3, 2, 1, 6, 2, 5, 10, 11, 4, 3, 7, 2, 11, 4, 4, 1, 3, 3]]","[[0.04882057909049476, 0.04183199684121194, 0.006938225548280063, 0.07442368048942749, 0.0438783240982278, 0.02132259294702417, 0.09365016981858577, 0.06953811714358614, 0.03144711160724529, 0.1761127735530702, 0.13842099861992263, 0.024745084024204635, 0.007710805861446315, 0.0011666057678225183, 0.055446626877340525, 0.010717601455977804, 0.13782928607424247, 0.006245969263309469, 0.028566368411899763, 0.010574991926596937]]",[6],6586.704315470284,8.352768130861001
Case: 0044,489.9705410003662,654353.2539384406,27316.172565135676,7037.081373304938,500000.0,120000.0,"[[4], [3, 5, 10], [2, 6, 7, 9], [1, 8]]","[[14], [4, 4, 17], [1, 4, 8, 4], [51, 21]]","[[0.04439125814032762], [0.042350895301552414, 0.014406460743582965, 0.05284497619224829], [0.04296567050686558, 0.017851909365638394, 0.05169756627831319, 0.028009601656690686], [0.10803356732325589, 0.022899446909365996]]","[1, 1, 1, 2]",-42514.03049179714,-6.100735597963511
Case: 0045,3934.2759099006653,155174.33921471893,23291.944798305012,6882.394416413913,100000.0,25000.0,"[[11, 12], [4, 5, 7, 9, 18, 19, 20], [10, 14, 15], [6, 17], [1, 2], [16], [3, 8], [13]]","[[13, 3], [1, 1, 2, 0, 1, 2, 2], [7, 8, 6], [3, 4], [3, 3], [9], [18, 5], [7]]","[[0.01762572786271025, 0.036412773190068005], [0.00999669557133179, 0.013288712637317278, 0.02048627879179593, 0.027988669118350313, 0.01842482658764094, 0.020156237393205635, 0.011119016043655328], [0.019077781206922537, 0.014835192603547726, 0.01143699621602753], [0.016717666912463378, 0.01833460917645951], [0.0209902074423058, 0.019841445259521525], [0.010732323894744378], [0.005604824557142143, 0.015922054335309084], [0.018569164702306188]]","[1, 1, 2, 1, 1, 1, 2, 1]",-27469.72791850494,-15.040032972145779
Case: 0046,922.2336249351501,847222.049262959,21301.97278905034,5920.076473908699,800000.0,20000.0,"[[1, 2, 4, 5, 7, 9], [3, 6], [8, 10]]","[[4, 1, 2, 1, 1, 1], [8, 89], [12, 30]]","[[0.03823836100864121, 0.014956895686715906, 0.027124619696866935, 0.005068495146711738, 0.021303633426908487, 0.04225132382439449], [0.007741820846534069, 0.06354817821317411], [0.019105513302298833, 0.0334959911851905]]","[1, 4, 3]",-101552.03905517561,-10.703500475565694
Case: 0047,2753.9898731708527,490139.32561749313,27311.784851594515,8827.540765898628,400000.0,54000.0,"[[1, 2, 3, 4, 6, 7, 8, 9, 10, 12, 14, 15, 16, 17, 18, 19, 20], [5, 11, 13]]","[[4, 3, 3, 1, 1, 5, 3, 2, 3, 2, 1, 2, 5, 8, 9, 6, 6], [27, 3, 2]]","[[0.01283858912172961, 0.05017006412524806, 0.0025752848257050826, 0.008167833146996846, 0.03682513370970543, 0.008301888344130018, 0.008849407820503192, 0.01648043658732034, 0.022829638913983843, 0.01496691308823979, 0.005038236344698494, 0.044674365121710365, 0.01800178268884596, 0.03378295353463826, 0.05908334779775415, 0.05047156139354684, 0.01073058395896026], [0.03699829159418964, 0.03918248985740959, 0.013357850820141067]]","[3, 1]",-66627.72138004645,-11.966893827382153
Case: 0048,246.36014008522034,84117.41899938653,8903.296159454874,3214.1228399316547,60000.0,12000.0,"[[6, 8], [1, 4, 9], [2, 7], [3, 10], [5]]","[[0, 10], [2, 3, 4], [0, 1], [16, 7], [6]]","[[0.016234170042753942, 0.01132063752841967], [0.01857532213551761, 0.008931167438314593, 0.01582663570146616], [0.024178819036605077, 0.002652843879357039], [0.012542263970447066, 0.004480319300119443], [0.01388175794478724]]","[1, 1, 1, 2, 1]",2294.608854225371,2.80436329448295
Case: 0049,3109.338208913803,199580.787679853,44646.3853656162,12934.402314236799,110000.0,32000.0,"[[3, 15, 16], [2, 4, 17, 19, 20], [5, 13], [9, 10, 12, 14], [11], [1, 6, 8], [7, 18]]","[[4, 25, 8], [6, 1, 2, 3, 4], [8, 4], [6, 2, 3, 2], [6], [8, 4, 6], [5, 6]]","[[0.024556336912307544, 0.028250893238324616, 0.04927037911691464], [0.0070030249776948834, 0.016000354850911874, 0.027552534934787747, 0.05437999798853266, 0.005039113049157738], [0.034328234190246415, 0.04713782364188181], [0.006288204187225027, 0.01566259304462102, 0.03434948132336167, 0.01111774159793911], [0.04955596282916917], [0.0647188219784526, 0.0515339972293344, 0.022908564643581618], [0.014018573268851392, 0.030273684731949146]]","[3, 1, 1, 1, 1, 3, 1]",-16151.981618357095,-7.487032067914546
Case: 0050,179470.50009584427,1106864.448151958,48384.051804163675,13480.396347794258,1000000.0,45000.0,"[[1, 2, 3, 4, 5, 6, 9, 10], [7], [8]]","[[4, 6, 8, 5, 5, 8, 5, 10], [15], [131]]","[[0.029656869544417798, 0.04627886099567104, 0.06766806579609208, 0.006061652618353016, 0.04168936281769116, 0.03869788605552601, 0.04304364063537247, 0.014268938249597343], [0.0283251116641849], [0.6875708011451434]]","[5, 1, 4]",108973.5314076416,10.920385142213219
Case: 0051,3313.8410880565643,609630.9090996109,39919.49606969565,14711.41302991525,500000.0,55000.0,"[[2, 5, 9, 14, 20], [1, 3, 4, 6, 7, 8, 10, 11, 12, 13, 15, 16, 17, 18, 19]]","[[3, 4, 23, 9, 1], [4, 2, 2, 6, 4, 1, 7, 2, 2, 1, 6, 2, 2, 4, 3]]","[[0.04928173165523138, 0.040701299980114944, 0.06591830959988926, 0.0835830859132524, 0.008648545192603913], [0.01893169064709055, 0.010364203929090906, 0.015066861997386239, 0.015337805461880355, 0.02571586304208767, 0.024949770836015173, 0.024054916775427246, 0.0047303513484066905, 0.0358174364841991, 0.0330321917408178, 0.014116221309872232, 0.009843288731291188, 0.040961038768377575, 0.06529928540046581, 0.0065156653847448275]]","[2, 3]",22804.006358453888,3.8859851605188744
Case: 0052,423.9508399963379,115743.8251599707,32514.151780675747,10229.673379294962,60000.0,13000.0,"[[4, 9], [1, 3, 5, 6, 8], [2, 10], [7]]","[[4, 8], [4, 2, 1, 2, 2], [3, 9], [11]]","[[0.015028078994066552, 0.016935681167100994], [0.02803611967360616, 0.04175198019761603, 0.0017382147373598501, 0.03055630554629582, 0.009456474497978365], [0.030284675123331252, 0.09439920917630158], [0.0796561240269845]]","[2, 1, 1, 2]",2221.207828879822,1.9566214038226648
Case: 0053,2361.245512008667,1116539.2216064679,75052.93163984123,21486.289966626537,800000.0,220000.0,"[[4, 12], [1, 7, 10, 13, 17], [2, 6, 8, 9], [3, 14, 18, 19], [5, 11, 20], [15], [16]]","[[5, 15], [7, 8, 5, 4, 4], [4, 1, 2, 6], [17, 9, 4, 3], [16, 2, 14], [18], [59]]","[[0.041088846829154195, 0.06503950302561526], [0.028506279746475613, 0.023149973705277428, 0.03510174161425818, 0.015247381738743022, 0.018369115466676248], [0.030947916580443515, 0.009658768815805279, 0.015845215925608867, 0.08016805139726876], [0.02348553982001475, 0.05212771204061315, 0.03662615582062972, 0.020603298338101317], [0.10318175655822677, 0.024995851617732903, 0.05961384689837123], [0.19887441899596828], [0.05822004179617784]]","[2, 1, 1, 1, 1, 1, 1]",-299857.1192739047,-21.170424592280867
Case: 0054,2303.6128289699554,122442.3818426038,22830.555125347535,6811.826717256268,90000.0,2800.0,"[[6, 7], [1, 2, 4, 5], [3, 8, 9, 10]]","[[57, 115], [2, 8, 8, 5], [1, 2, 3, 1]]","[[0.45263538778067036, 0.35770789959948435], [0.04580922254270767, 0.019477035560816706, 0.10762694875967545, 0.014230706913703053], [0.00269125907715235, 0.013828694286538667, 0.008520622163685702, 0.019546750048383573]]","[4, 4, 1]",516.2502314266749,0.42341229448089
Case: 0055,13836.484613895416,96342.35173467189,17503.62597968136,6838.725754990528,60000.0,12000.0,"[[1, 2, 3, 4, 5, 6, 7, 8, 9, 10, 11, 12, 13, 14, 15, 16, 17, 18, 19, 20]]","[[8, 8, 39, 8, 9, 6, 3, 7, 2, 2, 6, 8, 6, 8, 2, 13, 1, 3, 4, 2]]","[[0.1156713456819438, 0.024872526528358956, 0.27165087769343166, 0.09353505663117997, 0.11716914604131393, 0.08530963307367849, 0.031721403881552215, 0.02514153505867131, 0.01308912162940767, 0.016709705435078288, 0.03702866058266151, 0.10572890542405118, 0.051671269889929254, 0.126908896701731, 0.03938442147907696, 0.2586095167434763, 0.01397692598623358, 0.04497522815516434, 0.07592123203364093, 0.012917418756337888]]",[6],6819.86743982503,7.618049804520001
Case: 0056,751.5870969295502,625795.8863008756,76504.0352710034,19291.851029872196,400000.0,130000.0,"[[3, 4, 7, 8, 9], [1, 2, 6], [5, 10]]","[[3, 3, 6, 3, 6], [49, 8, 68], [8, 4]]","[[0.013541156879389277, 0.0052085595018161795, 0.04763205700827432, 0.010850315875494272, 0.03993988121006277], [0.2412775062653947, 0.03666704554688843, 0.04390419965794818], [0.03119516786907003, 0.023563135460046212]]","[1, 2, 1]",-96528.87949624343,-13.363639745858542
Case: 0057,13442.719632148743,1066847.7716586182,61177.31321136208,18670.458447256213,900000.0,87000.0,"[[1, 3, 5, 7, 8, 10, 12, 14, 16, 17, 18, 19, 20], [2, 4, 6, 9, 11, 13, 15]]","[[1, 4, 9, 8, 3, 2, 4, 4, 8, 1, 9, 5, 4], [8, 7, 10, 59, 22, 10, 18]]","[[0.024174849790361917, 0.025305938171560963, 0.11391268734508903, 0.10345199591765158, 0.03081948859648, 6.660083353210444e-05, 0.013144191263908034, 0.02289665314612049, 0.012631130902624412, 0.008386293330132459, 0.00513062128839421, 0.043146412241355625, 0.015956588243798392], [0.09322631418175416, 0.024461851839919946, 0.03710405965363874, 0.021165996574481406, 0.015158735912538537, 0.03906726242618695, 0.01435043290755663]]","[4, 5]",-47033.791494681034,-4.222512792251679
Case: 0058,1701.9686000347137,172130.2049893587,37086.858933137526,11043.346056221177,100000.0,24000.0,"[[1, 6], [2, 5, 8, 10], [4, 9], [3, 7]]","[[18, 8], [4, 4, 5, 8], [6, 4], [26, 5]]","[[0.04657923423943596, 0.08532323803570659], [0.025300069604720303, 0.04828963935175837, 0.0661079357812503, 0.01133421930689352], [0.11672248264839294, 0.0385515463039806], [0.049023438772420304, 0.022039789453594145]]","[2, 2, 2, 4]",810.1354988984822,0.4728783389523396
Case: 0059,4578.609276771545,125732.62877811497,25693.06780435623,7039.560973758747,70000.0,23000.0,"[[3, 5, 6, 7, 13, 14], [1, 8, 17], [4, 11, 12], [9], [15, 18, 19, 20], [2, 10, 16]]","[[1, 1, 2, 1, 1, 1], [3, 3, 5], [1, 6, 30], [4], [4, 1, 1, 3], [3, 9, 9]]","[[0.015524520204329657, 0.008960365585268665, 0.007841254420553861, 0.0009357352024905029, 0.014402369039579081, 0.017007054335994965], [0.006665549510587156, 0.0264288720016622, 0.024925938144600538], [0.020067786754576523, 0.011133829463173818, 0.003994583451994946], [0.018824304295370402], [0.019513425644520167, 0.0029819655151199997, 0.0034361590369244898, 0.009433365812914467], [0.004016708545232897, 0.004242627232661955, 0.014840032651489808]]","[1, 2, 1, 1, 1, 1]",-3912.203931197233,-3.0176319791851025
Case: 0060,774.4445359706879,551448.1237056946,28047.10346283872,8401.020242855844,500000.0,15000.0,"[[2, 4, 9], [3, 5, 6, 7, 8], [1, 10]]","[[7, 8, 7], [2, 2, 4, 6, 3], [6, 26]]","[[0.06698660780978206, 0.07296735658371305, 0.022446487103452473], [0.026989036732669655, 0.013567613134879988, 0.0007692208348762049, 0.022057107205582776, 0.02513293877894607], [0.054568581182610335, 0.05812151346930044]]","[2, 1, 2]",-341.313497620984,-0.061855750510719114
Case: 0061,209303.76425004005,137686.31696703666,24669.900781155924,6016.41618588075,100000.0,7000.0,"[[1, 2, 4, 6, 8, 10, 11, 13, 14, 16, 19], [15], [5, 9, 12, 17, 20], [3, 7, 18]]","[[22, 4, 4, 6, 28, 10, 4, 10, 22, 7, 24], [9], [1, 2, 3, 1, 1], [9, 20, 11]]","[[0.03197565870685685, 0.02648554296946367, 0.02892333939868577, 0.05830903544148524, 0.13701610631301964, 0.06515475045867176, 0.02152504412928794, 0.004399902489942349, 0.1444189308838719, 0.032806442620351754, 0.0820190764764218], [0.004688490966947418], [0.011317829860854533, 0.03582113196920239, 0.002536511447392749, 0.002982012316300427, 0.0010650612547940205], [0.028042646651690643, 0.190135681106564, 0.024728932248444538]]","[5, 1, 1, 3]",2659.1981152523076,1.9693807717035257
Case: 0062,504.7219569683075,1025287.1657721498,34570.70736229484,10716.458409855019,800000.0,180000.0,"[[3, 5, 10], [1, 7, 8], [2, 6, 9], [4]]","[[6, 6, 12], [13, 8, 6], [10, 3, 4], [39]]","[[0.0029705818070358894, 0.03950027017306796, 0.02207507751205062], [0.09599531007890204, 0.041756557774384334, 0.08489901768540743], [0.052699814543407546, 0.05729895292134985, 0.0332200603323784], [0.05652032583446672]]","[1, 2, 2, 3]",-177161.62094245898,-14.733402611391782
Case: 0063,4192.037280082703,734517.4206138209,26148.58327856273,8368.83733525826,500000.0,200000.0,"[[6, 10, 13, 14, 19], [3, 7, 8, 11], [1, 2, 5, 9, 15, 20], [4, 16], [12, 17, 18]]","[[4, 3, 3, 3, 6], [2, 3, 4, 3], [3, 1, 3, 1, 1, 3], [3, 36], [2, 3, 2]]","[[0.018798006087606227, 0.013142413382915889, 0.011128908806759747, 0.03105888850022106, 0.003919259166094577], [0.029813192012259866, 0.02294443197566357, 0.02843800078860263, 0.016852459106055186], [0.01924326745535094, 0.022530731446992316, 0.014002411700692365, 0.01072701353061614, 0.004804265987218657, 0.014031294155552092], [0.006973470017344245, 0.039135797489324], [0.01574509254682266, 0.038106009699016535, 0.020288014254651363]]","[1, 1, 1, 1, 1]",-75600.26406072057,-9.332010088274075
Case: 0064,3444.1662220954895,80402.37796340467,13125.104568911418,3677.273394493257,60000.0,3600.0,"[[1, 2, 3, 4, 5, 8, 9, 10], [6, 7]]","[[2, 7, 4, 5, 9, 8, 5, 2], [11, 61]]","[[0.007938258818348299, 0.03853699899660294, 0.02117322358017447, 0.06068555664605865, 0.009021977769035728, 0.08123903347949739, 0.017986266953464836, 0.021004735890050967], [0.009311185458362884, 0.06689166749455808]]","[4, 2]",7968.995113657424,11.001826506140093
Case: 0065,296.6045730113983,93985.16492339982,17411.29953438026,4573.865389019552,60000.0,12000.0,"[[4, 7, 10], [9], [3, 5], [6, 8], [1, 2]]","[[1, 2, 3], [3], [7, 4], [6, 3], [6, 5]]","[[0.001458018240274403, 0.02198040844862345, 0.01713410984922383], [0.018491803139548662], [0.013570566262424744, 0.029699866066756328], [0.005447817567260857, 0.03999347209314842], [0.005868691956833608, 0.033331854054336724]]","[1, 1, 2, 1, 1]",6545.226357638123,7.485396793497973
Case: 0066,5119.494490146637,168035.35102774826,29157.738423715702,8877.612604032525,100000.0,30000.0,"[[2, 7, 8, 16, 19], [1, 3, 5, 9, 10, 13, 15], [4, 12, 17], [14], [6, 20], [11, 18]]","[[1, 2, 8, 2, 1], [1, 1, 1, 1, 2, 1, 2], [7, 2, 5], [35], [4, 5], [6, 3]]","[[0.008670130980997668, 0.02695968883267792, 0.03090094177633398, 0.011785064932098138, 0.006930214480377947], [0.01710248657426182, 0.004328905572131893, 0.0098731095422822, 0.0023161517030105706, 0.02051247772121541, 0.0031766429707826577, 0.0028528429454715036], [0.01480800362567914, 0.03641167505417724, 0.0019986002816350336], [0.039651418036573995], [0.03432547506195138, 0.02701945307990916], [0.03423204094992853, 0.04244084946371368]]","[2, 1, 1, 2, 2, 2]",-20735.329034830153,-10.984401300009244
Case: 0067,1070.0751209259033,78561.3455605369,18024.019385912517,5537.326174624375,50000.0,5000.0,"[[1, 2, 3, 4, 5, 6, 7, 8, 9, 10]]","[[4, 1, 4, 5, 4, 5, 5, 2, 3, 9]]","[[0.027858922607965596, 0.03620487632169197, 0.006146900360359076, 0.0733202375220481, 0.00743839314701288, 0.019195835915445644, 0.01349334833427904, 0.025647826856348907, 0.012460393218120773, 0.0075882717841650234]]",[5],1952.2865023960912,2.5483755138076365
Case: 0068,198285.41955518723,162724.93182732223,31415.87540920498,11309.056418117247,100000.0,20000.0,"[[1, 2, 3, 4, 5, 6, 7, 8, 9, 10, 11, 12, 13, 14, 15, 16, 17, 18, 19, 20]]","[[1, 3, 4, 18, 2, 8, 10, 3, 4, 27, 2, 4, 2, 8, 9, 4, 9, 19, 3, 6]]","[[0.009284142496291616, 0.021067095325234854, 0.04415251474532158, 0.0008278613736761917, 0.006057745174906295, 0.10812741763823017, 0.05497586556917834, 0.022115513019995876, 0.0323493435015851, 0.012311712265475418, 0.0029924977404274865, 0.011893656585731768, 0.06546284410312998, 0.04775030535948267, 0.10425169156216685, 0.01665817263450965, 0.15309706713370744, 0.020826102891140286, 0.047394055181438875, 0.0272349869666888]]",[10],10627.247635734122,6.987119950062903
Case: 0069,1601.0320830345154,118760.12925199482,21307.990464387134,7452.1387876076715,70000.0,20000.0,"[[1, 2, 4, 6], [8, 9, 14, 15, 19, 20], [11, 16], [10, 17, 18], [5, 7], [13], [3, 12]]","[[6, 2, 2, 0], [1, 1, 0, 1, 1, 0], [3, 5], [2, 2, 1], [2, 4], [11], [3, 2]]","[[0.0044402199091574945, 0.008329052515980661, 0.007004893762219261, 0.011084106808690914], [0.009609074195011667, 0.0008455857518134827, 0.012859754640296206, 0.004648742767175627, 0.0012031184847179379, 0.000817951522932258], [0.010698195410766855, 0.01060877131440222], [0.008957442696372268, 0.013730290966143317, 0.026577624453193182], [0.012262914770664973, 0.025812195695286276], [0.01801128349865492], [0.027138274097271226, 0.019071624782386377]]","[1, 1, 1, 1, 1, 1, 1]",-6290.56227981711,-5.030409830414125
Case: 0070,1952.0322427749634,162125.52033627604,36918.511750895115,9207.00858538094,90000.0,26000.0,"[[8, 10], [3, 5, 6, 9], [1, 7], [2, 4]]","[[4, 10], [5, 5, 4, 12], [71, 52], [4, 6]]","[[0.02148272701792635, 0.04058599556359194], [0.024690037319374778, 0.03960362119711078, 0.035953836854044005, 0.033716761720258503], [0.38234909557088564, 0.540823611609533], [0.005968841028806007, 0.025435633357322338]]","[1, 4, 3, 1]",3844.9077812494943,2.4291716586027268
Case: 0071,8332.918334960938,97292.89432373586,18467.435750946956,6825.458572788902,60000.0,12000.0,"[[1, 2, 3, 4, 5, 6, 7, 8, 9, 10, 11, 12, 13, 14, 15, 16, 17, 18, 19, 20]]","[[3, 3, 3, 3, 2, 2, 1, 17, 4, 1, 1, 1, 4, 2, 2, 3, 4, 3, 3, 3]]","[[0.012821290978521893, 0.044290225267333054, 0.01306701052408683, 0.0021134720941047343, 0.016611376297137468, 0.01182899441297757, 0.02247767200161039, 0.035862872729009676, 0.018194872398333083, 0.03423663156021405, 0.0010386718373977268, 0.0011896804167820256, 0.011174695230395689, 0.017297900695266, 0.004632575056479491, 0.039173485808170525, 0.027171006319217407, 0.03203926176415373, 0.046970555450743315, 0.04655993454582441]]",[6],2545.8235690907313,2.6869681023525662
Case: 0072,58163.78152799606,144388.721882967,25856.419105192057,8532.302777774923,100000.0,10000.0,"[[1, 2, 3, 4, 5, 6, 7, 8, 9, 10]]","[[18, 3, 11, 3, 5, 21, 3, 7, 14, 9]]","[[0.17892164012121084, 0.001834533695714296, 0.013888001537499388, 0.017677896388088074, 0.016968046792213413, 0.06515406285756138, 0.006254542295448374, 0.07720632109450687, 0.01160503215104604, 0.10905938981144087]]",[10],7064.51009355823,5.14440243384895
Case: 0073,1500.4342880249023,61866.479547946874,6844.483631885338,2221.9959160615376,50000.0,2800.0,"[[1, 2, 4, 5, 7, 10], [3, 6, 8, 9]]","[[23, 126, 60, 73, 19, 30], [1, 1, 2, 1]]","[[0.03349705226537476, 0.08249777405477621, 0.09861203630794542, 0.11591303138673101, 0.07017059653212662, 0.048520373123196216], [0.017073639152649252, 0.009776946727066005, 0.020373990808486942, 0.003454003159997622]]","[4, 1]",1076.1973823634107,1.7703444432648183
Case: 0074,193455.9402577877,125019.98075354716,14933.72917347698,7086.2515800701885,90000.0,13000.0,"[[1, 2, 3, 4, 5, 6, 7, 8, 9, 10, 11, 12, 13, 14, 15, 16, 17, 20], [18, 19]]","[[7, 6, 2, 16, 6, 13, 7, 9, 3, 5, 1, 4, 10, 4, 12, 17, 3, 3], [7, 4]]","[[0.08270151970430552, 0.056914741473119354, 0.026767821019268452, 0.024087827730917975, 0.026063526573475593, 0.060310246266200504, 0.04227926909947443, 0.10091230067260117, 0.05042156026049921, 0.12791147278354675, 0.0038052256902824134, 0.17627675505464666, 0.022101200386597252, 0.07355833179103871, 0.12309431297754078, 0.025765946543826735, 0.04141459076144348, 0.019676905489925928], [0.015903535462621476, 0.003643511440082451]]","[7, 2]",659.7269745110098,0.5304966454018465
Case: 0075,436.41691994667053,88630.68942666931,11253.253468588042,3377.435958081277,60000.0,14000.0,"[[9, 10], [1, 2, 7, 8], [4, 5], [3, 6]]","[[3, 8], [1, 0, 2, 1], [15, 12], [8, 8]]","[[0.026187794516027194, 0.028793282892658624], [0.017808876491149605, 0.03150692746772284, 0.012337130760238478, 0.014086351075042709], [0.01409236820894191, 0.02725757331609028], [0.020634643829771163, 0.013732748272919763]]","[1, 1, 2, 2]",1245.8330113683332,1.4256852531146225
Case: 0076,3795.5957021713257,172431.47406338365,22951.97681102228,7479.4972523613715,110000.0,32000.0,"[[1, 8, 9, 19, 20], [4, 7, 11], [3, 10, 13], [6], [14, 15, 17], [2, 18], [5, 12, 16]]","[[0, 1, 4, 0, 2], [25, 10, 6], [5, 4, 14], [4], [5, 2, 11], [4, 10], [1, 1, 9]]","[[0.05414722296302816, 0.012961895398032974, 0.01677084623033582, 0.05732176697135825, 0.03530951351198285], [0.014575190085417501, 0.024858207875746264, 0.03197867541538628], [0.02290803956381277, 0.02679758913183465, 0.019549360557475283], [0.028669616542553907], [0.011732319159116442, 0.021149326577379345, 0.02781685013071192], [0.049590788693942164, 0.04166908947826747], [0.006176089815862862, 0.013884756786980135, 0.029815432745102885]]","[1, 3, 2, 1, 2, 1, 1]",-16420.45581372836,-8.694883777154583
Case: 0077,4447.982192993164,76736.82791911105,13964.98267140946,5371.845247701591,50000.0,7400.0,"[[1, 2, 3, 4, 5, 7, 8, 9, 10, 11, 12, 13, 14, 15, 16, 18, 19, 20], [6, 17]]","[[5, 4, 3, 1, 2, 4, 13, 3, 5, 8, 16, 6, 4, 16, 5, 2, 2, 4], [8, 1]]","[[0.01408413595504238, 0.0443686720151107, 0.04004019728977897, 0.02114244456069089, 0.01578879525942912, 0.019532396717657063, 0.03611829828595764, 0.09779191377095192, 0.01660655901350226, 0.0877056176274211, 0.08438141423759436, 0.020349356634684956, 0.009797644155295066, 0.08526634225595299, 0.007163267679601343, 0.014640085132342608, 0.00902912792539832, 0.023114021259121667], [0.027263176228100722, 0.02291958854158378]]","[4, 1]",4347.605915693901,6.005874625215162
Case: 0078,28420.603529930115,112985.48944716217,18985.678727444305,5999.81071971786,80000.0,8000.0,"[[1, 2, 3, 4, 5, 6, 7, 8, 9, 10]]","[[10, 12, 22, 6, 12, 5, 6, 7, 19, 24]]","[[0.09363271995913552, 0.201191893189524, 0.03221180765354318, 0.019904572064122363, 0.051755152730922425, 0.05639763934305876, 0.047468878167263244, 0.02105988662244056, 0.03238973593792263, 0.08887864466974324]]",[8],2206.512308019941,1.9918150221304944
Case: 0079,2829.99654006958,129091.52797012748,22576.995255165253,6514.532714962241,80000.0,20000.0,"[[2, 4, 11, 15, 16], [8], [19, 20], [1, 6, 18], [9, 12, 17], [3, 10], [13], [5, 7, 14]]","[[1, 1, 1, 1, 1], [11], [3, 7], [3, 2, 5], [1, 1, 5], [7, 3], [2], [2, 3, 7]]","[[0.02064150776211465, 0.004832104723223897, 0.006069247793828993, 0.003317458148000803, 0.011941004700933476], [0.015032072350705713], [0.0067420147871377276, 0.01363001178792785], [0.015421055704649779, 0.005824852402457109, 0.019859023026486938], [0.021778264521298232, 0.025424947492187298, 0.010852524463997116], [0.014422563357445742, 0.01541040109895939], [0.0037636373268972317], [0.02007222164585243, 0.02154967703638956, 0.01466537049058858]]","[1, 1, 1, 1, 1, 1, 1, 1]",-9538.833804360227,-6.880768168142852
Case: 0080,795.1878569126129,164064.46100233492,23523.49123817029,6540.969764164647,110000.0,24000.0,"[[8], [3], [4, 7], [2, 6, 10], [1, 5, 9]]","[[17], [16], [13, 11], [3, 2, 2], [10, 2, 7]]","[[0.03324158072173493], [0.045414072413718205], [0.022679243745049517, 0.022992894142256616], [0.021286357763690738, 0.04615606105998704, 0.03446462374111676], [0.037488764448860616, 0.02245458835467868, 0.02152741126194771]]","[2, 1, 3, 2, 3]",8251.813608592725,5.295984470208121
Case: 0081,511.4688858985901,474897.1145505793,48396.36095650426,11500.753594074995,400000.0,15000.0,"[[3, 5, 8, 9, 10], [2, 7], [1, 4, 6]]","[[6, 5, 4, 5, 5], [64, 3], [5, 2, 14]]","[[0.04586905142936306, 0.02349024933553488, 0.015264704836865477, 0.025855787946784992, 0.028543351674325826], [0.07898729780019946, 0.02544458417660954], [0.020952673538182007, 0.009039584223521439, 0.040704891232121364]]","[2, 1, 1]",12725.427304352052,2.7533982836928814
Case: 0082,22467.11437702179,918077.7013000443,46772.07076311379,14305.630536930383,800000.0,57000.0,"[[1, 4, 5, 7, 8, 9, 10, 11, 14, 18, 19, 20], [12, 13, 17], [2, 3, 6, 15, 16]]","[[4, 3, 6, 3, 4, 2, 6, 4, 2, 3, 3, 6], [13, 5, 6], [13, 2, 3, 13, 2]]","[[0.0063958725955810735, 0.01197042070620755, 0.056019234286676, 0.002946374666682859, 0.05877027797560713, 0.01310697611671152, 0.005446608709753114, 0.015292766934505847, 0.012736337340053019, 0.039627316655688215, 0.012409123807873831, 0.015939163294526573], [0.007142532702373776, 0.062140345568193055, 0.004514417547210528], [0.06485770537356633, 0.020877385426304358, 0.03074290541816136, 0.035805150435417106, 0.02931029029356611]]","[3, 2, 3]",-171720.22722099605,-15.75707043727242
Case: 0083,505.5945291519165,698102.2114589247,76416.06230197029,21686.14915695438,500000.0,100000.0,"[[1], [2, 7], [4, 6], [9, 10], [3, 5, 8]]","[[32], [8, 29], [36, 4], [12, 16], [10, 12, 5]]","[[0.2644840414233782], [0.05352541673910955, 0.009157363460714408], [0.09974916857915805, 0.022425228110159345], [0.06687204418396367, 0.09913100102955151], [0.06855711448223377, 0.08848333307683531, 0.02816185154133855]]","[1, 1, 1, 1, 1]",-15536.002933613607,-2.177013873456613
Case: 0084,3146.2508969306946,1339302.7835711709,95240.61468350599,24062.168887665084,1000000.0,220000.0,"[[4, 6, 7, 14, 19, 20], [5, 13], [12, 18], [8, 17], [1, 9, 10, 16], [3], [11], [2], [15]]","[[3, 2, 8, 5, 2, 1], [6, 10], [11, 71], [12, 3], [6, 5, 3, 4], [26], [87], [30], [7]]","[[0.012554573019380665, 0.0006172192466950865, 0.07616566628338947, 0.007070178469690705, 0.007343100195926129, 0.01901371758529942], [0.00982819633595696, 0.08454981634007781], [0.06851690375399538, 0.0746007778416775], [0.0778461096154181, 0.03227508682364803], [0.008647775143513893, 0.06569992403576144, 0.006346483706331953, 0.03098504413213759], [0.0488107513863747], [0.016854894125563187], [0.14677255991367075], [0.002867436235665057]]","[1, 1, 2, 1, 1, 1, 1, 1, 1]",-249411.00242891465,-15.698926051171133
Case: 0085,3689.6615509986877,503471.8326025342,48245.45705100689,15226.375551527284,400000.0,40000.0,"[[1, 2, 3, 4, 5, 6, 7, 9, 10, 11, 13, 14, 15], [8, 12, 16, 17, 18, 19, 20]]","[[5, 2, 2, 2, 3, 2, 6, 6, 2, 4, 4, 4, 1], [15, 2, 38, 2, 4, 4, 5]]","[[0.04393921730027632, 0.0059955579696341155, 0.035318325998839536, 0.011712224669645884, 0.00836413609214791, 0.008701165586856626, 0.07936402431061226, 0.014808698071588381, 0.026011950023800582, 0.009223658784830287, 0.015520288125706421, 0.0362227817810831, 0.01808994744490146], [0.023126304363202947, 0.008718676731793058, 0.07316243530565623, 0.019741951585600298, 0.009048900090555343, 0.01755261447904999, 0.021033547672653755]]","[2, 2]",-69316.33707507746,-12.10156576978388
Case: 0086,1904.38427901268,891302.2568488854,57429.629728909495,14872.627119975874,800000.0,19000.0,"[[6, 10], [1, 2, 3, 4], [7], [5, 8, 9]]","[[20, 13], [6, 13, 8, 6], [27], [2, 10, 7]]","[[0.0141831625448195, 0.06799167806041327], [0.006220930051710763, 0.10075616583242114, 0.02010645202942626, 0.05750920993152593], [0.08631579403787111], [0.0052524761701092555, 0.03307264211178701, 0.053450137606259]]","[3, 2, 2, 1]",-87594.56712883618,-8.948294139202327
Case: 0087,2382.6596529483795,851803.9434362495,40300.91841959193,11503.025016657508,600000.0,200000.0,"[[2, 7, 18], [6, 8, 9, 10, 16, 19, 20], [17], [4, 5, 11, 14, 15], [12, 13], [1, 3]]","[[1, 3, 5], [2, 1, 1, 2, 3, 2, 2], [17], [5, 1, 1, 2, 2], [15, 3], [19, 8]]","[[0.019250422612126034, 0.0051455233766084345, 0.03482940066918001], [0.028727931048745856, 0.006467123063878425, 0.014850231296699306, 0.02036083620100556, 0.015513097557949357, 0.008666831798900397, 0.006646592861351844], [0.11360245894039574], [0.033615834350711665, 0.022805679435537896, 0.0018733847033082464, 0.003379685210007477, 0.006596343484952518], [0.027699316554899017, 0.008845664478491697], [0.04076093314949706, 0.02787438528245332]]","[1, 1, 1, 1, 1, 1]",-48900.19030396524,-5.42910690338513
Case: 0088,1086.1284928321838,1223011.3548200321,96347.14724358691,26664.207576445093,900000.0,200000.0,"[[1, 7], [3, 10], [6, 8], [2, 4, 5, 9]]","[[25, 9], [43, 43], [5, 35], [7, 3, 10, 2]]","[[0.03355445455077481, 0.0836211004961432], [0.41375655655486576, 0.15069521995177784], [0.019271433933282983, 0.15057964170306853], [0.07255241164920585, 0.022414466729926988, 0.05398530274391444, 0.024537462588406497]]","[1, 3, 4, 1]",-40290.58844711026,-3.1893078817650697
Case: 0089,278.7957410812378,633963.2464787608,25979.48361703031,7983.762861730563,500000.0,100000.0,"[[4, 6, 8], [1, 2], [3, 5], [7, 10], [9]]","[[1, 5, 3], [3, 18], [27, 13], [8, 5], [33]]","[[0.047670095932290484, 0.05520012862103381, 0.006713460458635641], [0.008166025966251454, 0.09364753780366179], [0.056274858020882564, 0.023655676103097194], [0.012050399558177218, 0.025107228569197122], [0.015609024898068254]]","[1, 1, 1, 1, 1]",-28256.576726680272,-4.2669481849555275
Case: 0090,3423.011081933975,1101850.4863314107,63196.474991446266,18654.011339964323,800000.0,220000.0,"[[4, 13, 14], [10, 16], [2, 5, 8], [1, 7], [3, 20], [9, 15, 18], [6, 11, 12, 17, 19]]","[[1, 30, 2], [23, 4], [18, 7, 3], [33, 3], [76, 22], [4, 21, 5], [6, 5, 5, 8, 1]]","[[0.021130078761840823, 0.06877009656303812, 0.05440494490223224], [0.02771881732729252, 0.034258986621397904], [0.07693538920680339, 0.0460879688689433, 0.027491953545727282], [0.1787581118717433, 0.019277651399810525], [0.07914096924375, 0.042550897179417624], [0.018735057044006336, 0.07953767173682254, 0.025885875682099935], [0.046035247469078076, 0.01831990314650748, 0.11253820255163324, 0.03256481851079415, 0.03699144293195565]]","[1, 1, 1, 1, 2, 1, 1]",-415328.65888333437,-27.37505720358078
Case: 0091,654.2984149456024,532690.1474665465,13631.687061824829,3058.460404721661,500000.0,16000.0,"[[1, 2, 6, 7], [8, 9], [3, 4, 5, 10]]","[[1, 11, 1, 4], [12, 16], [8, 3, 11, 8]]","[[0.015521915668532456, 0.07804436909098421, 0.01262722532938262, 0.01901345818707487], [0.025277692298861617, 0.012010053757802114], [0.015063633951795058, 0.01822760666385903, 0.03916659993746588, 0.019214532811220916]]","[1, 2, 2]",-335.54429782473017,-0.0629508676615649
Case: 0092,18042.494987010956,1105588.4470820448,55788.34071114581,15800.106370899082,1000000.0,34000.0,"[[2, 5, 10, 12, 14, 15, 18, 20], [1, 7, 9, 16, 19], [17], [3, 4], [6, 13], [8, 11]]","[[2, 3, 0, 6, 4, 3, 2, 3], [4, 14, 11, 12, 2], [20], [2, 28], [36, 10], [36, 31]]","[[0.014601291086203482, 0.014339505279894773, 0.019654998426659177, 0.08407453714531321, 0.06976069976492005, 0.014629111527778635, 0.009759810313109811, 0.026244255902164136], [0.014792480663389732, 0.05752560559569925, 0.015528991438805423, 0.018373382530975712, 0.03295401391690882], [0.026902753936404716], [0.011560705628066104, 0.16167317623565153], [0.03882542193675643, 0.02606013040087619], [0.07759012759367587, 0.018711067381951756]]","[1, 3, 1, 1, 2, 2]",3289.083243100671,0.298383846620929
Case: 0093,5597.932067155838,738333.2249066315,28952.074409797777,9381.150496833681,500000.0,200000.0,"[[15, 17], [3, 11, 14, 16, 19], [4, 8], [2, 5, 6, 7, 10, 12, 13, 18, 20], [1, 9]]","[[1, 13], [1, 4, 1, 2, 3], [8, 2], [1, 1, 1, 1, 1, 2, 2, 1, 1], [35, 12]]","[[0.027035182671720056, 0.026086106684759608], [0.014621281475504422, 0.02307824284355158, 0.005215004222228355, 0.0034041004528706335, 0.008653398722051368], [0.020735612917096247, 0.015539662778794136], [0.01682427122781369, 0.017287862053918027, 0.00820563643003863, 0.014190200435866784, 0.005490926850141809, 0.01771986502454939, 0.006163150015927924, 0.01339234158657187, 0.013623007271353862], [0.06293813340387518, 0.02075870044289921]]","[1, 1, 1, 1, 1]",-130803.43826967874,-15.049812510687328
Case: 0094,626.715991973877,1009961.7992071318,39384.38739388869,10577.411813243185,800000.0,160000.0,"[[3], [1, 2, 6, 8, 9, 10], [5, 7], [4]]","[[30], [5, 4, 1, 6, 2, 1], [19, 27], [21]]","[[0.03042575893853744], [0.03486516053124392, 0.036341371723497065, 0.008362641359752744, 0.08744213053601367, 0.005159928050280953, 0.003103740836520553], [0.027231900777636663, 0.04300955816598159], [0.04593491929539578]]","[3, 1, 3, 1]",-74960.72999391472,-6.909316377558953
Case: 0095,1396.5752439498901,611253.0783521176,51377.66523490031,15875.413117217307,500000.0,44000.0,"[[1, 3, 6, 7, 8, 9, 10, 11, 12, 15, 16, 19], [2, 4, 5, 13, 14, 17, 18, 20]]","[[2, 2, 2, 5, 2, 3, 3, 4, 3, 1, 1, 1], [13, 34, 25, 47, 8, 13, 3, 15]]","[[0.017856562380998274, 0.006748772278260702, 0.005064488648842187, 0.024528972109254726, 0.0505994011589871, 0.01701193737623875, 0.026884499173006095, 0.02417033677589698, 0.019555206841685175, 0.007806655855490262, 0.007702742925910012, 0.015224414688819942], [0.03039370439334547, 0.055828226248884436, 0.07262000958140881, 0.11880006764030542, 0.020592642501535106, 0.058710475511316106, 0.004908011503027409, 0.02998670654176164]]","[1, 4]",6049.503230216564,0.9995815422931141
Case: 0096,3276.211827993393,1002599.7668213467,63956.54068674716,16643.226134599478,900000.0,22000.0,"[[2, 5, 7, 9, 10], [8], [1, 3], [4, 6]]","[[18, 31, 10, 7, 7], [48], [25, 14], [29, 23]]","[[0.05572770214876116, 0.1425882549062464, 0.1491955268616908, 0.019318946761742326, 0.08450580173107682], [0.06509949821815351], [0.042894667393376995, 0.0675545770117655], [0.04995640133173165, 0.037238863935900444]]","[2, 2, 2, 3]",5659.723337298608,0.5677095001139022
Case: 0097,11895.36418390274,96557.31526623842,18068.991644789447,6488.323621448974,60000.0,12000.0,"[[1, 2, 3, 4, 5, 6, 7, 8, 9, 10, 11, 12, 13, 14, 15, 16, 17, 18, 19, 20]]","[[7, 3, 5, 5, 2, 3, 3, 1, 2, 3, 4, 4, 5, 9, 3, 7, 2, 3, 9, 3]]","[[0.020477843835543942, 0.03939814305665512, 0.0272771961312282, 0.0069893980822310605, 0.05825058510992687, 0.033537306498971076, 0.01860415602469069, 0.0030961033074244845, 0.010787424486477067, 0.015337773086452, 0.07769250775655408, 0.04354743265438704, 0.045838291815587746, 0.0220666966506228, 0.01899754346010063, 0.02112647607143632, 0.0044195028695581465, 0.05422627170762663, 0.021113699399097862, 0.00647869503934696]]",[6],3135.307984840314,3.3560700268368207
Case: 0098,6208.04779791832,137449.1850052361,26097.51548310204,7951.669522134064,100000.0,3400.0,"[[1, 3, 4], [2, 5, 7, 8], [6, 9, 10]]","[[3, 4, 4], [6, 4, 6, 3], [4, 51, 10]]","[[0.01904948654343443, 0.02522804288497351, 0.007638132148649443], [0.029905334843893915, 0.003732162216791911, 0.07515837398587348, 0.039509973888940335], [0.024002994104582853, 0.003313321383022776, 0.093533948416861]]","[1, 4, 5]",3502.9505529523594,2.6151915111881934
Case: 0099,5995.067662000656,82257.76873318305,11095.486584167342,5162.2821490157085,60000.0,6000.0,"[[1, 2, 3, 4, 5, 6, 7, 8, 9, 10]]","[[5, 5, 3, 2, 3, 3, 42, 15, 7, 10]]","[[0.020255194856676935, 0.11030305989489723, 0.0482555722299836, 0.004180437623571746, 0.07214264195495672, 0.06737387331962036, 0.10645087207053737, 0.1851620201933519, 0.04042051500243978, 0.04958321878568302]]",[6],2418.429697379397,3.0291203892543015
Case: 0100,330933.93846702576,178303.87820134955,37713.43745098398,11490.44075036559,110000.0,19100.0,"[[1, 2, 3, 4, 5, 6, 7, 8, 9, 10, 11, 13, 14, 15, 16, 17, 18, 19, 20], [12]]","[[9, 15, 5, 20, 14, 3, 6, 2, 25, 5, 6, 5, 3, 4, 43, 5, 6, 4, 1], [15]]","[[0.053783185337694404, 0.14137557069595955, 0.06224318901586351, 0.07138836680333643, 0.13108715917489164, 0.025097128268023502, 0.028706479626721855, 0.004685310224360413, 0.04230097001764271, 0.004946673121579374, 0.007065822639134647, 0.06048258050448047, 0.009360660742134848, 0.039683472794257255, 0.221451343351821, 0.024471001587878887, 0.031839990409071504, 0.025343636629774458, 0.023671809555058248], [0.019932911812829177]]","[10, 1]",7581.321798239893,4.44072649681914
Case: 0101,3333.3456361293793,75112.3218539419,8433.46188348749,6678.859970454409,50000.0,10000.0,"[[1, 2, 3, 4, 5, 6, 7, 8, 9, 10, 11, 12, 13, 14, 15, 16, 17, 18, 19, 20]]","[[5, 3, 5, 1, 9, 10, 10, 1, 3, 8, 5, 33, 3, 8, 3, 10, 4, 1, 0, 7]]","[[0.09481292372459273, 0.039025277181762824, 0.011669098966620495, 0.01268372862083311, 0.05725466489044744, 0.11892053927258027, 0.266259915504958, 0.02096390286509796, 0.007707496511563828, 0.03832024047393669, 0.008886388140898278, 0.0871792622343452, 0.026176661144120986, 0.034619923871398416, 0.059980566681036004, 0.1858580227297094, 0.038773058189539474, 0.041941377657319354, 0.03837963998105922, 0.05348909933553376]]",[5],6354.117863581545,9.241250490592176
Case: 0102,3601.9007980823517,102505.15981905861,14339.850415461318,4165.309403597283,80000.0,4000.0,"[[1, 3, 4, 6, 9], [2, 5, 7, 8, 10]]","[[1, 2, 6, 3, 1], [3, 26, 17, 10, 1]]","[[0.0149582980804546, 0.016364328960676765, 0.026170393811252794, 0.059122296567551164, 0.03187990596033457], [0.009675188579602829, 0.01868885737040631, 0.00935090416120085, 0.023256021245437446, 0.01739118665011114]]","[2, 6]",-3425.9274017230637,-3.234109543861041
Case: 0103,695.7907979488373,66862.21700632214,10644.071980332446,4018.1450259896974,50000.0,2200.0,"[[6, 8, 10], [1, 2, 3, 4, 5, 7], [9]]","[[2, 1, 0], [6, 4, 3, 1, 5, 4], [16]]","[[0.005072101964118609, 0.022899741882567524, 0.042631775648239986], [0.00900027444589796, 0.012342020300157712, 0.02033818128582156, 0.013224704483371747, 0.0140853345100059, 0.010535143614686701], [0.031427918565024984]]","[1, 3, 1]",1562.2953490344444,2.3924919194142507
Case: 0104,25526.559731960297,120886.79630591761,25554.934875920113,7331.861429997496,80000.0,8000.0,"[[3, 6, 7, 11, 12, 13, 15, 16, 19, 20], [1, 2, 4, 5, 8, 9, 10, 14, 17, 18]]","[[5, 4, 6, 7, 5, 2, 22, 5, 5, 4], [3, 1, 1, 4, 1, 2, 3, 2, 1, 1]]","[[0.015199116156738988, 0.010869770540073796, 0.014293553898218653, 0.02188730170583017, 0.013355900768082987, 0.012464806655486695, 0.053697463707932304, 0.006693108993783123, 0.019994762117571684, 0.01417504742363745], [0.010085437830019549, 0.012769350484192803, 0.030028545655782637, 0.007043809530573804, 0.0034223407845210803, 0.005318016121385256, 0.015636869561151432, 0.006289710110141486, 0.027506884982270434, 0.03432169061173304]]","[6, 2]",-6071.662033296772,-4.782400568439624
Case: 0105,2042.8263010978699,543797.9594535573,44434.99574002203,19362.963713535253,400000.0,80000.0,"[[1, 2, 3, 4, 5, 6, 7, 8, 9, 10, 11, 12, 13, 14, 15, 16, 17, 18, 19, 20]]","[[3, 5, 1, 10, 4, 23, 4, 1, 4, 16, 4, 2, 1, 2, 2, 7, 2, 4, 6, 31]]","[[0.07972369787543271, 0.02985023105737402, 0.02252562945258598, 0.05558678012447921, 0.04232517051079427, 0.10029126700074122, 0.12171050582299127, 0.02609070457441585, 0.01819497158215407, 0.23538391595477598, 0.018562676839593676, 0.03873047117343587, 0.02660471172782205, 0.011009922055210937, 0.019982363800541067, 0.03681214326238921, 0.02581676088450076, 0.008920537557881492, 0.07797744962996854, 0.0289165336835246]]",[4],-27132.381450868677,-4.752310309500727
Case: 0106,1468.1752951145172,868423.9333250826,33646.79303625406,9777.140288828605,800000.0,25000.0,"[[1, 2, 5, 7, 8], [3, 4, 10], [6, 9]]","[[5, 1, 3, 3, 3], [4, 16, 12], [10, 22]]","[[0.043560876779328184, 0.04043279400280591, 0.0018457937135687075, 0.011645627658805186, 0.019706398981626724], [0.018357643270514548, 0.005077394680388458, 0.10637229662474515], [0.05183691715059715, 0.09831392798564768]]","[2, 3, 3]",-98601.64913814538,-10.196384762333295
Case: 0107,826.0320611000061,494832.0747678434,41143.41361624473,13688.661151598704,400000.0,40000.0,"[[1, 2, 3, 4, 5, 6, 7, 8, 9, 10]]","[[27, 10, 3, 5, 5, 15, 10, 7, 4, 6]]","[[0.13003012659083968, 0.03769569583329989, 0.028256017159918424, 0.040839179356566724, 0.07153610195939988, 0.032792650334608237, 0.03852418517329023, 0.10262657992069943, 0.008102228693228615, 0.09423832177128949]]",[4],12621.543059054588,2.6174341349053836
Case: 0108,19788.847918987274,961922.8532442817,77701.02485107834,24221.828393203385,800000.0,60000.0,"[[1, 2, 5, 6, 7, 8, 9, 10, 12, 13, 19, 20], [3, 4, 11, 17], [16, 18], [14, 15]]","[[3, 5, 5, 3, 1, 2, 7, 3, 5, 3, 4, 5], [7, 8, 5, 6], [9, 21], [8, 14]]","[[0.014306843557435174, 0.03218790844929991, 0.027159051113618885, 0.005670317506623564, 0.018905516655140023, 0.004579799518579071, 0.06984222371527414, 0.035810183061140165, 0.01526205309405514, 0.026348619983559824, 0.03193586656419288, 0.047768724545941645], [0.015292974987356461, 0.04005629597354767, 0.0202387655508174, 0.05220175208415677], [0.04420388965293061, 0.11664900124236709], [0.021741280858813106, 0.014451453958636389]]","[4, 2, 1, 1]",-148093.339565365,-13.341547675130274
Case: 0109,3019.998860836029,596548.6499601209,29353.83272240527,9194.817237715595,500000.0,58000.0,"[[1, 2, 3, 4, 5, 8, 9, 10, 11, 12, 13, 14, 15, 16, 17, 18, 19, 20], [6, 7]]","[[1, 5, 4, 1, 2, 5, 4, 1, 2, 3, 1, 6, 2, 1, 2, 2, 2, 3], [3, 57]]","[[0.018196899859794113, 0.016610771456101403, 0.028108708742185087, 0.030226251283011468, 0.024223907499040236, 0.026986684267230443, 0.010055241699366014, 0.009532946959073049, 0.009681917960504449, 0.029181622046330544, 0.04492155839986535, 0.030679484011512066, 0.005625067063611709, 0.0028663900993000776, 0.004007132915706547, 0.024806130037132695, 0.015265869928500899, 0.006716144144510888], [0.010712230994596696, 0.05899495534231101]]","[3, 2]",17733.09488595929,3.0636866494866766
Case: 0110,15457.062222957611,1015147.2988720592,48724.26158123421,14423.037290825006,900000.0,52000.0,"[[2, 3, 4, 8], [1, 5, 6, 7, 9, 10]]","[[2, 14, 4, 1], [22, 47, 6, 11, 55, 10]]","[[0.010508648546680776, 0.15530221865158098, 0.027827840693539857, 0.024482714417343242], [0.05812817817365318, 0.02571147976911044, 0.018391044385788157, 0.028089843638601425, 0.044736824325442605, 0.007990842360468237]]","[1, 8]",6513.897892891313,0.6458142162026071
Case: 0111,690.6725571155548,558669.0574610485,27333.958581402276,8335.098879646253,500000.0,23000.0,"[[2, 4, 7], [1, 3, 5, 6, 8, 9, 10]]","[[8, 12, 9], [12, 2, 5, 3, 9, 6, 2]]","[[0.01758149612767177, 0.015105404185120457, 0.011820934669864643], [0.11712022594034568, 0.015187498558954692, 0.015463628499160866, 0.05050107050558008, 0.018163969582587338, 0.008592633760922343, 0.02524724938016718]]","[3, 2]",9832.00323296152,1.7914248240381223
Case: 0112,11726.969660043716,1027968.6914050545,52852.91695277022,14115.774452284342,900000.0,61000.0,"[[3, 4, 7, 9, 10, 15, 18], [1, 5, 6, 11, 12, 13, 14, 17, 20], [2, 8, 16, 19]]","[[10, 16, 18, 4, 6, 21, 3], [1, 1, 5, 3, 1, 9, 7, 2, 3], [2, 18, 3, 29]]","[[0.04208302078352504, 0.027951663154903137, 0.043579639569232574, 0.018708505940093018, 0.02906759598010585, 0.032497227664563415, 0.02105220825437008], [0.05292371128423124, 0.012538084230574223, 0.034344054106991456, 0.055700067118684214, 0.007436004718914122, 0.02632243113880921, 0.05556545207996317, 0.025637255480654656, 0.01484567214848732], [0.008817888658496923, 0.05359066998947194, 0.015616997894172332, 0.08187566175997327]]","[5, 2, 2]",-66498.7807063515,-6.075902884355671
Case: 0113,3484.1025390625,114844.80828927003,23268.38582084415,8576.422468425904,60000.0,23000.0,"[[4, 12, 18, 19], [6, 8, 14, 15, 17, 20], [1, 5, 7, 11, 13], [2, 10, 16], [3, 9]]","[[6, 3, 2, 3], [2, 2, 1, 2, 1, 2], [2, 3, 4, 1, 1], [2, 4, 2], [4, 3]]","[[0.004183421681228467, 0.0207841516360884, 0.00977667232574202, 0.011707225201408896], [0.008950754507102613, 0.0111073660846615, 0.022763490329532343, 0.04000167188047507, 0.0015705256727418656, 0.02064637204627721], [0.019980600115751267, 0.0063169584863530595, 0.00839247100234627, 0.01248691864273188, 0.0346537864148845], [0.005810721795313209, 0.044632024881102655, 0.014427599147588772], [0.017697287158021442, 0.023310237719537052]]","[1, 1, 1, 2, 1]",1974.1283068787307,1.749017820382326
Case: 0114,445.79758501052856,162934.57551490964,34912.30834905357,10022.267165856083,100000.0,18000.0,"[[8, 10], [2, 4], [1, 3], [7], [5, 9], [6]]","[[7, 14], [3, 3], [8, 9], [5], [6, 2], [6]]","[[0.023376903413592373, 0.008200512465517083], [0.024117229105015847, 0.03731966820814505], [0.04183766019773579, 0.064267996718699], [0.01789640785387107], [0.002854563724923937, 0.0071840677127026605], [0.022642664932690383]]","[3, 1, 3, 1, 1, 1]",-2509.892259413784,-1.5170602518045109
Case: 0115,1233.601939201355,94955.23486801451,16476.439527362934,5478.795340651571,60000.0,13000.0,"[[8], [1, 6, 7, 10], [2, 3, 9], [4, 5]]","[[10], [4, 5, 4, 2], [1, 2, 3], [20, 92]]","[[0.02617548552889785], [0.001890238541721247, 0.005092754542787384, 0.004838418874212583, 0.018625136601872046], [0.003528467568959045, 0.037923690700972124, 0.025015772538933657], [0.06072944824719031, 0.8321468093933515]]","[2, 1, 1, 2]",2147.764345970383,2.314214937535912
Case: 0116,2003.3232979774475,188504.79765172693,37916.95474233869,10587.84290938825,110000.0,30000.0,"[[1, 2, 15], [4, 7, 8, 12], [5, 11, 17], [13, 20], [9, 10], [6, 16, 19], [3, 14, 18]]","[[3, 1, 2], [2, 3, 2, 1], [4, 3, 2], [4, 3], [13, 12], [1, 5, 5], [5, 3, 9]]","[[0.04316230429622461, 0.007337872195419145, 0.005521715095050674], [0.021099984239207933, 0.018057792027248457, 0.007184527769641088, 0.017061679497010086], [0.010220283384031319, 0.0033110411864152507, 0.018740666655802263], [0.01693018031128795, 0.01259229654981547], [0.07705730322922762, 0.11724161922835936], [0.018924368393825552, 0.01452540513376366, 0.01669294766129302], [0.023887874637564185, 0.020740472996757412, 0.03508692122812336]]","[1, 1, 1, 1, 3, 1, 3]",-15943.419574512256,-7.7982678405405315
Case: 0117,4201.682072162628,111607.31869638526,15882.832482240217,5724.486214145062,70000.0,20000.0,"[[3, 5, 9, 16], [7], [2, 11], [6, 8, 14, 15, 19, 20], [10, 13, 18], [4, 12, 17], [1]]","[[2, 2, 2, 2], [11], [8, 7], [1, 1, 0, 0, 1, 1], [4, 3, 4], [6, 1, 2], [19]]","[[0.01826125857572674, 0.008179891946336634, 0.01755444913963313, 0.016012726813952993], [0.008812181651462362], [0.011743102641628658, 0.011962337661306664], [0.009928085511002424, 0.003606803035933464, 0.01925852040602696, 0.008734222887797988, 0.01935430925611366, 0.008267429801476824], [0.019314576689348446, 0.013888647738292778, 0.004888508949275009], [0.01424315995026822, 0.005540940492356853, 0.011769434116262932], [0.009751417343644476]]","[1, 1, 1, 1, 1, 1, 1]",-29901.45272424769,-21.130458857116366
Case: 0118,900.4359269142151,161279.72110581718,24628.910529712528,5650.8105761046545,110000.0,21000.0,"[[5, 7], [3], [1, 8], [2, 6], [4, 9, 10]]","[[2, 4], [41], [4, 3], [7, 34], [4, 3, 5]]","[[0.018295534682802334, 0.027078999935592957], [0.023069722128372407], [0.018575508316992905, 0.010374406581392399], [0.00871084309023429, 0.018877493156725534], [0.018355694606725252, 0.023852281123878463, 0.011147501163347064]]","[1, 3, 1, 4, 2]",-3978.7214025522408,-2.407575275526841
Case: 0119,1046.5672979354858,97590.92386345365,18530.6046196522,4060.319243801444,60000.0,15000.0,"[[6, 10], [1, 4, 8, 9], [3], [2, 5, 7]]","[[11, 6], [2, 1, 3, 3], [5], [9, 7, 7]]","[[0.027738404796628122, 0.024837460643753254], [0.02980281171958736, 0.0025578095295308244, 0.01329719167066582, 0.010344850944415816], [0.012841465753027788], [0.023199850079880006, 0.02515017827365403, 0.01697029477231842]]","[2, 1, 1, 2]",-4671.3394357996585,-4.56799926491923
Case: 0120,4422.534582853317,187731.62747071264,36468.906512915884,11262.72095779676,110000.0,30000.0,"[[13, 16], [3, 5, 19], [1, 7, 9, 11, 18, 20], [10, 17], [2, 4, 6, 12], [8], [14, 15]]","[[5, 7], [5, 10, 2], [1, 4, 1, 1, 2, 1], [15, 7], [13, 1, 4, 2], [22], [4, 5]]","[[0.026256893361733938, 0.024652361033463174], [0.016069151647489222, 0.018737917327742347, 0.028068821171860152], [0.006783418292368824, 0.022758835332340133, 0.036655740271922456, 0.022011969654295742, 0.03266672231076633, 0.028733601089685243], [0.055450150560814086, 0.028026846014057583], [0.02798574325564829, 0.015944500242865707, 0.03272829889276668, 0.021672857384172097], [0.029570582565130062], [0.02621782850408489, 0.025069848750986026]]","[1, 2, 1, 2, 2, 2, 1]",-4195.67837857455,-2.186076837794643
Case: 0121,5659.4953789711,820618.1664641086,53589.83962965256,17028.32683445607,500000.0,250000.0,"[[1, 3, 4, 7, 8, 9, 10, 11, 17, 18, 19, 20], [2, 5, 12, 14, 16], [6, 15], [13]]","[[2, 1, 0, 2, 4, 1, 2, 3, 7, 3, 2, 1], [3, 4, 9, 9, 8], [11, 18], [25]]","[[0.01654349867481255, 0.045800558168391604, 0.02145548718796552, 0.023625410883425724, 0.02310603227625509, 0.010147127019741499, 0.0125268021685873, 0.012489110693499375, 0.024867417837102886, 0.015055484420898593, 0.0018239380814752647, 0.000651415115694716], [0.00761226271109003, 0.00614172340179264, 0.10490142080137292, 0.013234258249883456, 0.020825682942126496], [0.07501269201919632, 0.0024626713925051556], [0.27297934088228964]]","[1, 2, 1, 1]",-49663.72824620234,-5.70662546791621
Case: 0122,561.9395349025726,1268528.597133432,132269.80171106456,36258.79542236746,900000.0,200000.0,"[[8], [1, 2, 10], [4, 6], [3, 9], [5, 7]]","[[27], [6, 27, 4], [13, 12], [30, 30], [19, 23]]","[[0.039436261077564795], [0.03812279750554492, 0.1296365980489801, 0.037872187859525605], [0.029113998313209967, 0.09359322061119627], [0.19899614652278572, 0.12770388897040796], [0.13579919192282128, 0.18363951179333018]]","[1, 3, 1, 2, 2]",37.00327983824536,0.0029171087942200576
Case: 0123,627.7505209445953,682856.6865000433,48733.815142293344,14122.871357749958,500000.0,120000.0,"[[1, 5, 7, 8], [6, 10], [2, 3], [4, 9]]","[[8, 10, 3, 3], [16, 24], [32, 7], [9, 4]]","[[0.08156715526773722, 0.05337358433055097, 0.051053689276241876, 0.018058632299194122], [0.05685058087823575, 0.04440092276068228], [0.10090693330621886, 0.07638829445831265], [0.08495266482918618, 0.02413135176419328]]","[1, 2, 1, 1]",-18640.453524046694,-2.657238705692594
Case: 0124,13066.525089025497,1407202.914830456,92779.53506440081,24423.37976605541,1000000.0,290000.0,"[[12], [4, 5, 7, 17, 18], [2, 20], [1, 15, 16], [9, 11, 14], [3, 6, 8, 10, 13], [19]]","[[6], [2, 2, 3, 1, 2], [28, 20], [3, 32, 12], [14, 18, 22], [3, 2, 10, 2, 4], [9]]","[[0.05761800319432479], [0.0026207993567348366, 0.002582563717123007, 0.04208346349464846, 0.006258186461984264, 0.01610953048806798], [0.13942603235132464, 0.07353649336785213], [0.024246761788169258, 0.021731232650194995, 0.046582812293922145], [0.07843242520306375, 0.12684711354600567, 0.13571031812673418], [0.007057930312908552, 0.015443312046265931, 0.018671724102164527, 0.0025550316923890763, 0.0021566071431283382], [0.09320784099995391]]","[1, 1, 1, 1, 4, 1, 1]",-301160.66809236817,-17.628605005564157
Case: 0125,2582.202479839325,670962.4693060082,54733.31383950798,16229.1554665002,400000.0,200000.0,"[[5, 6, 7, 10, 11, 13], [1, 3, 12, 15, 16, 18, 19, 20], [2, 4, 8, 14, 17], [9]]","[[11, 1, 2, 11, 5, 12], [7, 6, 9, 3, 4, 1, 1, 3], [6, 11, 4, 6, 8], [62]]","[[0.06267407639568055, 0.01903363640437102, 0.024678665736267737, 0.03292986924393337, 0.012684210534557708, 0.08284480857676725], [0.051999046956955605, 0.019772992730917094, 0.020477777673360235, 0.015500333162324062, 0.011306428073719557, 0.008127100740933273, 0.004861927481462503, 0.06569432559558849], [0.056878763487314875, 0.024781369086626214, 0.03491821646083827, 0.031236531894899125, 0.02908047206912805], [0.023509517310087904]]","[1, 1, 1, 1]",-148481.01266320795,-18.119738082044552
Case: 0126,1279.892226934433,1041854.3084022362,33090.69768641985,8763.61071581635,800000.0,200000.0,"[[4, 6], [1, 2, 5, 8, 9, 10], [3, 7]]","[[20, 9], [12, 7, 2, 12, 2, 2], [42, 12]]","[[0.024481805587386225, 0.007536815744420426], [0.04853446678433393, 0.06761395118479686, 0.015117400783023009, 0.10143722492487067, 0.012801441287640148, 0.016102540516951806], [0.033604265642909824, 0.006232230009793258]]","[3, 1, 4]",-144108.7419044542,-12.15119997770484
Case: 0127,384.75556683540344,571686.6659933842,33089.797088689564,8596.868904694673,400000.0,130000.0,"[[3, 5, 10], [4, 7, 8, 9], [1, 2, 6]]","[[4, 14, 8], [12, 4, 8, 3], [18, 6, 5]]","[[0.030374890243194695, 0.03274295177697928, 0.01867157629073325], [0.031161205176390896, 0.011628050449819745, 0.07238083661394626, 0.03797051972865148], [0.030673669373651104, 0.01959392226624329, 0.02374453002316569]]","[1, 1, 2]",14148.533673522878,2.5376799995100283
Case: 0128,2226.7528281211853,1092382.131564554,55676.17160651261,16705.959958041465,800000.0,220000.0,"[[1, 4, 5, 15, 20], [2, 3, 9], [10, 17, 18], [11, 13, 16], [6, 19], [7, 14], [8, 12]]","[[3, 7, 7, 1, 2], [8, 1, 8], [13, 4, 3], [4, 8, 7], [17, 4], [41, 17], [2, 15]]","[[0.03102798139081618, 0.03975528146875216, 0.06984510930373068, 0.04078605518819273, 0.018160852838365417], [0.030164821208482066, 0.034162241619039836, 0.041241559558347414], [0.04434662012362934, 0.040761415568983175, 0.015800623594272548], [0.04422184281853217, 0.0370957161149363, 0.026632735967603464], [0.04978729191240687, 0.04388579321676247], [0.12110847721726414, 0.03967460689658997], [0.03313663526232754, 0.04039062840397819]]","[1, 1, 1, 1, 1, 2, 1]",-449963.72076506354,-29.17398325968338
