case_id,running_time,total_cost,holding_cost,penalty_cost,machine_cost,skill_cost,best_cluster,bestS,bestEBO,bestServerAssignment,GAP,GAPoolingPercentGAP,num_clusters,num_used_servers,avg_num_servers_per_cluster,avg_num_skills_per_server,avg_cross_training_perf,total_stock
Case: 0001,1097.64700007439,608738.385323317,58865.3783243878,19873.0069989295,400000,130000,"[[5], [1, 2, 9], [3, 4, 6, 7, 8, 10]]","[[32], [18, 3, 2], [3, 11, 7, 2, 6, 4]]","[[0.37940812078510394], [0.19528019763046842, 0.019126448465183497, 0.03844994047933661], [0.05799237191411136, 0.0004293528101896908, 0.033940106761182656, 0.007161668236272297, 0.0026489674209385344, 0.038996358024794515]]","[1, 2, 1]",3224.66776915989,0.532550737609255,3,4,1.33333333333333,3.25,32.5,88
Case: 0002,4493.11500000954,95316.6539619874,24132.8216856067,8583.83227638072,60000,2600,"[[4, 6, 13, 16], [14, 17, 19], [10, 11], [1, 8, 12, 15, 20], [2, 3, 5, 7, 9, 18]]","[[6, 1, 3, 2], [6, 15, 6], [4, 2], [1, 1, 3, 1, 0], [1, 1, 3, 2, 3, 2]]","[[0.0037131526337674417, 0.0026002512516880845, 0.012892274448832699, 0.03816968257644422], [0.008173536651938098, 0.06852668867359522, 0.0005029765535207645], [0.03038683424583109, 0.007881981694917325], [0.010756471540931865, 0.00639773930078931, 0.0009430739085707269, 0.0035391790758673, 0.032564258691926605], [0.01206003078835744, 0.04430094449492935, 0.01664901022268053, 0.0005540629218987263, 0.016556138311056155, 0.0235130177567031]]","[1, 1, 1, 1, 2]",18138.5801376037,23.502245182845,5,6,1.2,4.33333333333333,21.6666666666667,63
Case: 0003,5265.78099989891,115271.36154344,16430.0228358704,4641.33870756932,90000,4200,"[[1, 2, 3, 4, 6, 10], [5, 7, 8, 9]]","[[5, 4, 8, 3, 4, 1], [28, 7, 5, 4]]","[[0.001153684141460576, 0.00013242492467557053, 0.016089007871056042, 0.04374479233963283, 0.04036338369666884, 0.0053493638435121605], [0.10498400348019254, 0.06726118815634119, 0.008737093690664761, 0.048746531817728415]]","[3, 6]",2764.34787011756,2.45704492534499,2,9,4.5,4.66666666666667,46.6666666666667,69
Case: 0004,7767.35899996758,1186898.21398497,66215.1698833101,20683.044101659,800000,300000,"[[1, 7, 12, 14, 16, 19], [5, 8, 9, 15, 17], [3, 10], [6, 11, 13, 18], [2, 4, 20]]","[[3, 4, 12, 3, 4, 7], [3, 6, 2, 6, 8], [11, 9], [45, 45, 6, 5], [3, 5, 10]]","[[0.013394458022038258, 0.01967309374003259, 0.0003283745474605794, 0.047732902960963594, 0.039722860403678006, 0.04390063279697648], [0.03963630805122275, 0.0023250514334136004, 0.03538806209995918, 0.007140336076249816, 0.021108179523750673], [0.08305670339830241, 0.013243796642016187], [0.071325610007981, 0.048573071178946416, 0.09041415533043648, 0.07525045453158802], [0.047430417830789516, 0.05073621924189385, 0.10246536856229761]]","[1, 1, 2, 3, 1]",-352862.547848651,-22.9167125565952,5,8,1.6,3.75,18.75,197
Case: 0005,1988.54600000381,97020.8361188668,15048.6669818984,5972.16913696837,60000,16000,"[[3, 8, 9], [1, 2, 6, 10], [7], [4, 5]]","[[9, 1, 0], [3, 2, 3, 2], [24], [6, 6]]","[[0.006132543741116256, 0.029173122335795314, 0.04239193408144864], [0.019744126211828944, 0.006423599868963201, 0.0730845274903817, 0.01936140276752623], [0.004543021175296415], [0.05196161876362007, 0.024991558385889703]]","[1, 2, 1, 2]",-1762.09898550187,-1.78380909986136,4,6,1.5,2.66666666666667,26.6666666666667,56
Case: 0006,10615.3639998436,631598.013631666,85463.6702273245,26134.3434043418,500000,20000,"[[6, 8], [3, 10, 13, 16, 19, 20], [1, 2, 5, 11, 12, 17], [4, 14], [7, 9, 15, 18]]","[[5, 15], [15, 24, 20, 19, 2, 6], [5, 7, 2, 2, 17, 15], [6, 15], [2, 13, 15, 12]]","[[0.07140962244526775, 0.06302753726207316], [0.0038263428485651183, 0.01568975789904436, 0.0039474369925765135, 0.12061997959574908, 0.02711833412444024, 0.03401061396897113], [0.008191343835741917, 0.03175384110987165, 0.018848405804675086, 0.04049288232538116, 0.1893023528270087, 0.054546200530368606], [0.10096339760986142, 0.13016927054436173], [0.03507102477233564, 0.023380574166161853, 0.04198458538044594, 0.0481447692243099]]","[1, 1, 1, 1, 1]",45975.7138462016,7.85074507289838,5,5,1,4,20,217
Case: 0007,2750.79600000381,978989.467098633,38165.6805889417,10823.786509691,900000,30000,"[[1, 3, 5, 6, 9, 10], [4, 8], [2, 7]]","[[4, 1, 3, 4, 4, 8], [82, 114], [10, 18]]","[[0.013185379440395207, 0.01760248328776377, 0.03210368154376415, 0.037022165530128284, 0.06014794156365014, 0.020824271905137942], [0.08483465550397486, 0.001435917610321478], [0.08793623497813689, 0.06818037953477661]]","[3, 5, 1]",-17692.7481028958,-1.77516442382975,3,9,3,3.33333333333333,33.3333333333333,248
Case: 0008,8727.38100004196,183558.792568842,32041.8701057814,10516.9224630603,110000,31000,"[[3, 12], [2, 4, 16, 17], [10, 14], [5, 8], [1, 9, 11, 19], [6, 7, 20], [13, 15, 18]]","[[4, 14], [3, 3, 2, 4], [8, 3], [17, 5], [1, 14, 23, 5], [4, 3, 3], [7, 11, 10]]","[[0.00528871027360215, 0.04668325945420576], [0.03268340584875994, 0.020318720096086446, 0.04839895194067536, 0.007208084046268177], [0.012732777518564426, 0.013386990373177227], [0.014907723975370995, 0.05050764169940608], [0.000634268789848442, 0.011854386801163271, 0.008617949304233739, 0.018814257071893496], [0.07941193151646658, 0.06332149810355366, 0.0757020128451024], [0.026293689482700507, 0.0013154564039672637, 0.009974822085597697]]","[2, 1, 1, 2, 2, 2, 1]",-1027.08505997463,-0.556426674222607,7,11,1.57142857142857,2.81818181818182,14.0909090909091,144
Case: 0009,2620.6740000248,68652.9294359596,12417.1977365637,3935.73169939589,50000,2300,"[[2, 3, 10], [1, 4, 5, 6, 7, 8, 9]]","[[625, 1185, 444], [3, 2, 2, 3, 1, 5, 2]]","[[0.7647892858714829, 1.5287078423007474, 3.1227650111945744], [0.006582297508178255, 0.03792499535859714, 0.0009514546098718633, 0.008493523506140207, 0.004654507413242697, 0.01720471330227424, 0.028648533085541703]]","[3, 2]",1126.91691040818,1.66886340279868,2,5,2.5,4.6,46,2272
Case: 0010,2703.45499992371,760548.279781404,46341.0241876877,14207.2555937158,500000,200000,"[[3, 4], [9, 12, 13, 17, 20], [2, 5, 7, 10, 18, 19], [1, 11], [6, 8, 14, 15, 16]]","[[5, 6], [5, 6, 2, 1, 2], [3, 1, 13, 3, 3, 2], [6, 6], [3, 4, 5, 5, 6]]","[[0.04093477771944287, 0.018718347588979813], [0.050851688267020495, 0.05145078673275281, 0.01969232240288392, 0.02171916776239196, 0.02466958676757286], [0.02104185040882793, 0.008183395243017194, 0.01645257217751484, 0.03350394065848204, 0.018340287805780255, 0.015338241597290688], [0.015220846296078578, 0.02204825852547629], [0.027906892477250558, 0.02039801775322054, 0.029796672553913564, 0.01801754588128736, 0.0431392160623085]]","[1, 1, 1, 1, 1]",-77855.3633156716,-9.28614325053178,5,5,1,4,20,87
Case: 0011,1077.48200011253,1042867.63660163,87666.3657137152,25201.2708879182,800000,130000,"[[5, 10], [2], [1, 7], [8, 9], [3, 4], [6]]","[[12, 8], [13], [4, 26], [11, 16], [40, 16], [12]]","[[0.09458009332406404, 0.02399779033233494], [0.09992893618112757], [0.034171162727317995, 0.048091606570457524], [0.07359711242704944, 0.14328499533679995], [0.022537169167908197, 0.14400210167587035], [0.03543281274746326]]","[1, 2, 1, 1, 2, 1]",-73446.6903200598,-6.5793915341563,6,8,1.33333333333333,1.625,16.25,158
Case: 0012,10321.1860001087,144416.913815234,29160.6575159767,9356.2562992568,100000,5900,"[[1, 4, 19], [2, 3, 5, 6, 9, 10, 20], [7, 8, 11, 12, 15, 16, 17, 18], [13, 14]]","[[2, 2, 3], [62, 42, 115, 10, 37, 22, 53], [11, 5, 8, 6, 14, 2, 4, 3], [9, 3]]","[[0.0006264504421889956, 0.040281702728178555, 0.009554935874771828], [0.16446093915999563, 0.40023669796300565, 0.43841978971732115, 0.07571399058520736, 0.3565309944004273, 0.08728878909760981, 0.23926721098600104], [0.05649795475404407, 0.010471367980484892, 0.051280572036804736, 0.03107368545774611, 0.11754303273655482, 0.0018035076918362718, 0.020734932814386525, 0.01452453712608971], [0.05737637518878916, 0.012920397388968633]]","[1, 4, 3, 2]",4454.438450524,3.18259479115154,4,10,2.5,5.9,29.5,413
Case: 0013,2341.34700012207,650065.18667975,105332.129460177,29733.0572195733,500000,15000,"[[1, 4, 9], [5, 6], [2, 3, 7, 8, 10]]","[[15, 110, 12], [10, 11], [2, 3, 2, 3, 3]]","[[0.062018375277208146, 0.6715998939531088, 0.012949740987668327], [0.07828384519384797, 0.006904644203178187], [0.004925749172056027, 0.022905699228201282, 0.014000099194513994, 0.026003331185553993, 0.03347612003699663]]","[2, 2, 1]",51972.2821233985,8.68966706133223,3,5,1.66666666666667,3,30,171
Case: 0014,6107.61400008202,136124.934664309,25751.3767803733,7373.55788393545,80000,23000,"[[9, 10, 17], [4, 5, 16], [1, 12, 20], [2, 7], [8], [6, 14, 18], [3, 11, 13, 15, 19]]","[[2, 2, 1], [3, 3, 3], [3, 7, 1], [3, 5], [5], [2, 2, 2], [1, 1, 2, 2, 1]]","[[0.02843499501858004, 0.023807350960940867, 0.016289115216924076], [0.025127149657025442, 0.01315449921656025, 0.033517468720760536], [0.008991712641884772, 0.01071001424248425, 0.0018047514351511556], [0.006515551713184092, 0.01775493405742954], [0.037279657811420154], [0.01364258382781928, 0.010715660523746165, 0.018828118203261707], [0.0054836611542605235, 0.003048120640542883, 0.0014335999980621174, 0.0058494889642437785, 0.014249663115430952]]","[1, 2, 1, 1, 1, 1, 1]",-9737.86391142409,-6.67604351932692,7,8,1.14285714285714,2.875,14.375,51
Case: 0015,48070.6849999428,181559.058731602,30918.4923349505,7640.56639665138,120000,23000,"[[1, 3, 6], [4, 7], [5], [2, 8], [9, 10]]","[[2, 0, 2], [5, 4], [30], [6, 12], [41, 19]]","[[0.01940980941395929, 0.009554737461278643, 0.0052220604899812], [0.019234468713616008, 0.02098253267264867], [0.01948086855855551], [0.01797571271600479, 0.05316745301446917], [0.21858461786869435, 0.14683985461985244]]","[1, 2, 2, 4, 3]",4433.34852552804,2.50293902583094,5,12,2.4,1.91666666666667,19.1666666666667,121
Case: 0016,11909.5509998798,1121570.74551645,62783.3173974944,17787.4281189585,1000000,41000,"[[3, 7], [1, 5, 10, 14, 16, 18, 19], [11, 15, 20], [4, 8, 13], [2, 6, 9, 12, 17]]","[[35, 16], [2, 5, 4, 2, 2, 2, 1], [9, 8, 23], [3, 3, 11], [13, 4, 3, 5, 8]]","[[0.033387801061811634, 0.014908770208453914], [0.0037809655684539678, 0.05996626571123615, 0.014113506860914298, 0.0067630198072912585, 0.02512448408510305, 0.03491332509064669, 0.00725474736442959], [0.0657844472431294, 0.04395961854770668, 0.10496542827275203], [0.01008754211063978, 0.04957845094289158, 0.01559088402304469], [0.023918202306474252, 0.034796806717826326, 0.018478895264273095, 0.018809563604434792, 0.029177273278451175]]","[1, 1, 3, 1, 4]",-26690.4577741167,-2.32442389393893,5,10,2,4.1,20.5,159
Case: 0017,1732.9240000248,452394.421052352,31159.6603615991,7234.76069075247,400000,14000,"[[2, 5, 9, 10], [1, 6, 7, 8], [3, 4]]","[[1, 2, 4, 2], [7, 49, 4, 18], [50, 17]]","[[0.01663474806364963, 0.00911126395436121, 0.0120007700823417, 0.02870518710764583], [0.019718599660589795, 0.04812574199939461, 0.011489533895056322, 0.05050858753398777], [0.09653441717549373, 0.025210743331150913]]","[1, 2, 1]",-5084.44737910928,-1.11140595335958,3,4,1.33333333333333,3.5,35,154
Case: 0018,2776.01200008392,98407.4350393166,13078.2400984831,5329.19494083346,60000,20000,"[[7, 8, 11], [1, 6, 9, 19, 20], [3, 4, 10, 15], [2, 13, 17, 18], [12, 16], [5, 14]]","[[2, 1, 2], [0, 0, 1, 2, 1], [6, 2, 3, 3], [3, 3, 3, 3], [3, 4], [11, 8]]","[[0.010377664203698098, 0.027751449986806807, 0.006707204152340963], [0.042693649566116224, 0.054119113358345586, 0.021807740289442438, 0.01869321876369245, 0.025386056075985576], [0.019843313416551014, 0.005804854114859198, 0.02808687101965497, 0.009806568585513802], [0.01921302752671963, 0.009579040572527757, 0.010098771096383071, 0.0245853144799589], [0.010526626284631432, 0.008860447973247183], [0.02405251237813871, 0.011859072310072862]]","[1, 1, 1, 1, 1, 1]",-2942.33346126434,-2.90314768824309,6,6,1,3.33333333333333,16.6666666666667,61
Case: 0019,2177.79099988937,142770.271565723,18094.2524952379,4676.01907048537,100000,20000,"[[6, 8, 9], [5], [10], [1, 4], [2, 3, 7]]","[[5, 11, 9], [17], [5], [7, 9], [1, 1, 1]]","[[0.013337477586991397, 0.013279668402544331, 0.029024427702425793], [0.01690753333317746], [0.020576348527152233], [0.008083559350529785, 0.030397384896695957], [0.002575972830080878, 0.01855785254949012, 0.013074316792964401]]","[3, 3, 1, 2, 1]",-9781.11009171233,-6.4116824019834,5,10,2,2,20,66
Case: 0020,3400.92299985886,910227.521130044,70509.5259156509,17717.9952143932,800000,22000,"[[2], [8, 18], [4, 11, 13, 14], [1, 6, 17], [9, 10, 12, 15, 19, 20], [5, 7], [3, 16]]","[[12], [15, 21], [4, 2, 19, 7], [6, 7, 9], [5, 2, 2, 4, 2, 4], [16, 13], [53, 11]]","[[0.02270415297079384], [0.047931952049824415, 0.043541611329993866], [0.02142945561678576, 0.018529728596120114, 0.04638694003580862, 0.07635280674555733], [0.05528591311941948, 0.02016685207825003, 0.02772495365015269], [0.044506188814066996, 0.01775970209762503, 0.03240966040748164, 0.0242639278719027, 0.006931004606550464, 0.03048495615356874], [0.05895194709072064, 0.025317139753652275], [0.05387493014207063, 0.04379275332157195]]","[1, 1, 1, 1, 1, 1, 2]",-87931.4956500853,-8.809367462685,7,8,1.14285714285714,2.75,13.75,214
Case: 0021,2470.47900009155,73042.6530484327,15566.1840011718,5876.46904726085,50000,1600,"[[1, 2, 7, 8], [5, 6], [3, 4, 9, 10]]","[[6, 2, 6, 2], [11, 14], [0, 14, 9, 5]]","[[0.050506456659638446, 0.03706988479838095, 0.025633543159881443, 0.0457303260156624], [0.03127770190876336, 0.02179123672293852], [0.057131712988203354, 0.021330722227690262, 0.03823220471913234, 0.09367993901833307]]","[1, 2, 2]",4477.89535382473,6.53089940719922,3,5,1.66666666666667,3.2,32,69
Case: 0022,9032.5640001297,836357.76612221,26898.7585447834,9459.00757742665,600000,200000,"[[3, 4, 10, 14], [5, 9, 11, 18], [6, 8, 13, 15, 16], [2, 12, 19, 20], [7, 17], [1]]","[[5, 4, 1, 2], [6, 4, 2, 1], [1, 1, 1, 1, 5], [4, 1, 5, 2], [10, 6], [48]]","[[0.06657567861969556, 0.01766451856190663, 0.003049800015747359, 0.030938777585944426], [0.02266690976140779, 0.01655715899666195, 0.014987791139431089, 0.016668102434031835], [0.025176808907791826, 0.02657614971365422, 0.040892085270141015, 0.023544881049813247, 0.024244030976544866], [0.010890830974004048, 0.015609242179548146, 0.02921167058055579, 0.04065225276224083], [0.09540909880175188, 0.011096208585752443], [0.030048411835422985]]","[1, 1, 1, 1, 1, 1]",-73114.7900646065,-8.03925193423735,6,6,1,3.33333333333333,16.6666666666667,110
Case: 0023,806.069000005722,1135294.80179175,65989.7657160892,19305.0360756564,900000,150000,"[[2, 5], [1], [4, 8, 9], [7], [10], [3, 6]]","[[4, 91], [19], [10, 1, 7], [69], [73], [21, 12]]","[[0.05929747199270703, 0.25543791090616486], [0.06501306279586186], [0.07777096663717042, 0.08117042919048661, 0.09372737262459484], [0.34426906974358934], [0.2933925467204552], [0.12700595245123975, 0.3268987753739298]]","[3, 2, 1, 1, 1, 1]",-52416.9989642412,-4.41327592526044,6,9,1.5,1.66666666666667,16.6666666666667,307
Case: 0024,8831.62399983406,145453.760227059,22981.1895074904,7372.57071956846,110000,5100,"[[2, 10, 14, 16, 20], [1, 3, 4, 7, 8, 11, 17], [12, 18], [6, 9, 13, 15], [5, 19]]","[[0, 1, 2, 1, 1], [5, 9, 5, 6, 4, 4, 2], [3, 4], [7, 5, 4, 9], [18, 13]]","[[0.05318724836985778, 0.018032748287289284, 0.01355516594239555, 0.04620993072875694, 0.013967901828469083], [0.011316374188978096, 0.021787250211645064, 0.018570235703697292, 0.01644810458607867, 0.00885492709698992, 0.01598868965365085, 0.0030457250184248463], [0.01901551735692737, 0.011870345916637002], [0.006673372832889213, 0.007220015995931658, 0.021271786589947616, 0.015842849657838238], [0.009367940727791431, 0.04461648190415194]]","[1, 4, 1, 3, 2]",5772.9368371758,4.13294874491263,5,11,2.2,4.63636363636364,23.1818181818182,103
Case: 0025,883.792000055313,83746.5247208499,10093.9488972855,3652.57582356445,60000,10000,"[[5], [10], [6, 7], [3, 4, 8], [2, 9], [1]]","[[7], [6], [8, 3], [0, 4, 3], [4, 3], [5]]","[[0.028875408392363713], [0.011405310907555333], [0.022368622411786835, 0.014322284629885286], [0.07435464922812604, 0.025125365432476808, 0.018206099780936177], [0.021197362574367044, 0.01882694526529276], [0.02283417178649804]]","[1, 1, 1, 1, 1, 1]",3403.56025811365,4.23628911488852,6,6,1,1.66666666666667,16.6666666666667,43
Case: 0026,5825.3630001545,548604.631170849,22827.7419244855,5776.88924636324,500000,20000,"[[1, 4, 7, 8, 11, 16, 17, 19, 20], [6, 9, 14], [10, 13], [3, 5, 15, 18], [2, 12]]","[[2, 2, 1, 3, 2, 1, 1, 1, 1], [10, 6, 5], [17, 5], [7, 4, 5, 3], [3, 5]]","[[0.01650668305357844, 0.013688799631063415, 0.015413037084035271, 0.011211097184418959, 0.0065455299893044435, 0.013647865641501368, 0.010219942671914827, 0.0018300030916770405, 0.015351402658340358], [0.014504232298922547, 0.012811167463789873, 0.009814554884752823], [0.05038261783019836, 0.01639999025236183], [0.016753310310473175, 0.01524848944915156, 0.00998884935426244, 0.021483580557408663], [0.009816839843626286, 0.008855733333140362]]","[1, 1, 1, 1, 1]",-12877.5443434758,-2.2934912104164,5,5,1,4,20,84
Case: 0027,4172.6740000248,850871.068031432,100677.052369942,24194.01566149,700000,26000,"[[1, 3, 9, 10], [5, 6], [2, 4, 7, 8]]","[[4, 10, 8, 10], [17, 12], [9, 62, 60, 107]]","[[0.0360272616179153, 0.04123421654256654, 0.08502286409059466, 0.04715147745965197], [0.047727121096115224, 0.05530865552029258], [0.023557575554003923, 0.05183691275508151, 0.17850916812367026, 0.1981233896900581]]","[1, 1, 5]",-120407.712096133,-12.3968230913394,3,7,2.33333333333333,3.71428571428571,37.1428571428571,299
Case: 0028,4980.38799977303,170010.539342752,24556.5051322024,7454.03421054916,110000,28000,"[[2, 9], [4, 11, 20], [7, 19], [13], [1, 12, 14], [6, 8, 15], [3, 5, 16], [10, 17, 18]]","[[8, 10], [13, 2, 4], [3, 6], [4], [12, 4, 5], [2, 4, 1], [1, 0, 0], [1, 3, 4]]","[[0.01297966922031433, 0.015681626383306006], [0.026614713567728755, 0.016200842055266458, 0.013002805132482058], [0.02064472256781545, 0.01039550508089358], [0.011404647191958488], [0.02727222045066237, 0.006412377655244506, 0.01786977771312763], [0.01973335896301653, 0.010340846458542378, 0.012755246982039262], [0.007448711365037264, 0.007976483242654972, 0.031293660249936614], [0.00617457723661545, 0.012778262916312604, 0.018434893069322587]]","[2, 2, 1, 1, 2, 1, 1, 1]",-20311.1551074622,-10.6720125449363,8,11,1.375,2.54545454545455,12.7272727272727,87
Case: 0029,1233.89100003243,684365.878165435,51409.507956293,12956.3702091419,500000,120000,"[[3, 9], [8], [1, 4, 6], [2, 5, 7, 10]]","[[103, 9], [15], [5, 35, 2], [4, 2, 4, 4]]","[[0.1976820267961946, 0.02259027114262141], [0.036417629954813555], [0.026506362583045867, 0.15801123177436677, 0.019683702485146955], [0.03974629932898603, 0.017775287885151446, 0.022628494312657472, 0.01888291966079051]]","[2, 1, 1, 1]",3109.0784936219,0.456373939330904,4,5,1.25,2.4,24,183
Case: 0030,6008.9509999752,96438.5875633639,18411.9804637262,5226.60709963767,70000,2800,"[[2, 5, 6, 12, 20], [1, 3, 7, 8, 9, 13, 15], [11, 14, 16], [4, 10, 19], [17, 18]]","[[2, 1, 3, 6, 3], [1, 1, 2, 0, 0, 1, 1], [2, 1, 3], [7, 3, 8], [2, 7]]","[[0.003417437436102622, 0.01764885053838855, 0.010195888186974601, 0.012960266490342862, 0.008705549377145266], [0.0028567150948746473, 0.0016143261484759491, 0.0037366178085164532, 0.022142846170129345, 0.008352540803665664, 0.01610142904784463, 0.004912436328799493], [0.00570722568658561, 0.010198682732052699, 0.015289719470354981], [0.01868081274192923, 0.01499547438811489, 0.015857098384960543], [0.006500415114111603, 0.009905565103008553]]","[2, 1, 1, 2, 1]",7609.52055970562,8.56647583542923,5,7,1.4,4,20,54
Case: 0031,4869.60700011253,144352.093074399,24657.0157172959,6495.07735710276,110000,3200,"[[4, 7, 8, 10], [3, 5, 6, 9], [2], [1]]","[[2, 3, 3, 2], [6, 7, 38, 11], [20], [28]]","[[0.009319341753363538, 0.010553066151481072, 0.015650138397192072, 0.040864186302279226], [0.049689303591283616, 0.03397008014799517, 0.030333230582179075, 0.021167456564794317], [0.0333047688710656], [0.033663454530228364]]","[2, 5, 2, 2]",5441.74768935479,3.91745314164389,4,11,2.75,2.90909090909091,29.0909090909091,120
Case: 0032,4769.08899998665,1329323.58146336,79874.901865803,19448.6795975565,1000000,230000,"[[3, 7, 10], [1, 2, 5, 6, 9, 16], [8, 15], [4, 17], [11, 12, 19], [14, 18], [20], [13]]","[[17, 4, 2], [3, 2, 2, 3, 2, 1], [16, 16], [21, 14], [2, 7, 7], [5, 10], [124], [11]]","[[0.05188844120797374, 0.026789188880707443, 0.017199838160112533], [0.026439964973432123, 0.03255206409702111, 0.015200930880800366, 0.01965039999997492, 0.00819861944670706, 0.014553911030686668], [0.044909144007236425, 0.04960502344233044], [0.035252821728637015, 0.0355792961000699], [0.0068571479645557825, 0.01851103638018823, 0.03971609555153684], [0.03769431517604807, 0.02952297917864802], [0.14178329003317514], [0.03395749344602156]]","[1, 1, 1, 2, 1, 1, 2, 1]",-182292.122865047,-12.0594224010154,8,10,1.25,2.3,11.5,269
Case: 0033,13914.4379999638,148351.004485104,25662.5283684972,7688.4761166069,110000,5000,"[[1, 14, 15], [5, 6, 7, 11, 17], [3, 8, 9, 13, 20], [4, 10, 12, 16, 18], [2, 19]]","[[3, 1, 3], [1, 4, 12, 8, 7], [9, 3, 7, 9, 7], [2, 1, 1, 1, 1], [1, 12]]","[[0.010210151760193404, 0.018707314197913806, 0.009927273900014584], [0.01979748254892596, 0.010561058630008615, 0.016111381111822674, 0.013556053976140639, 0.005760960004528626], [0.008586010933756444, 0.01523381072766034, 0.013183945803595023, 0.008523910310172156, 0.015550550431375721], [0.010926992902483782, 0.01506646696223197, 0.03295705119443903, 0.007112346981273187, 0.021430810301630705], [0.022960501505140143, 0.024065212222234778]]","[1, 4, 4, 1, 1]",10757.8014466726,7.81855586548695,5,11,2.2,4.54545454545455,22.7272727272727,93
Case: 0034,2051.77600002289,1201087.60790145,72603.2208553264,18484.3870461221,900000,210000,"[[5, 9], [3, 4, 8], [1, 6], [2, 7, 10]]","[[15, 72], [8, 10, 6], [17, 47], [18, 8, 10]]","[[0.030897005006383246, 0.14952668587205498], [0.031565361294175004, 0.16826798786992628, 0.0510929699735953], [0.056300054581070375, 0.1661609421743586], [0.03699104362233937, 0.11148866676736327, 0.03637064217632079]]","[4, 1, 2, 2]",-58824.11234732,-4.66890746406464,4,9,2.25,2.33333333333333,23.3333333333333,211
Case: 0035,3861.76799988747,849619.854645577,38997.9239029958,10621.9307425808,600000,200000,"[[3, 9, 18], [4], [7, 8], [10], [1, 12, 13, 17, 20], [2, 5, 6, 11, 14, 15, 16, 19]]","[[7, 0, 5], [92], [6, 11], [11], [1, 3, 3, 2, 3], [1, 2, 1, 0, 1, 1, 1, 1]]","[[0.0245062775414429, 0.014889963022794049, 0.014264410873423979], [0.12108753680115654], [0.02068315532008416, 0.023738552439307187], [0.023557543835632782], [0.008901674112222098, 0.01537388205185563, 0.013535555521619926, 0.0051197954906722866, 0.009052300194592721], [0.012769324649376801, 0.014761114325672405, 0.013276394325573544, 0.010687968881385011, 0.019740194549900544, 0.0028732632685973714, 0.0027530134000628903, 0.02566209391664957]]","[1, 1, 1, 1, 1, 1]",-31930.9361756754,-3.62213232727391,6,6,1,3.33333333333333,16.6666666666667,152
Case: 0036,2806.25800013542,76882.0106419283,18176.2216304194,5605.78901150897,50000,3100,"[[1, 3, 4, 5, 8, 9, 10], [2, 6, 7]]","[[3, 8, 7, 1, 2, 11, 15], [3, 4, 2]]","[[0.027665362874585323, 0.015364661922971427, 0.02687575297089111, 0.004309527174688339, 0.03213663996086208, 0.01654122818881329, 0.051924958386133147], [0.05575732801025712, 0.023573709934094793, 0.029659216188323692]]","[4, 1]",5913.03962620834,8.33186608397995,2,5,2.5,6.2,62,56
Case: 0037,5092.25999999046,890663.427326742,51511.8278514445,13151.5994752977,800000,26000,"[[3, 9, 11], [8, 13], [4, 10, 12, 14, 15, 16, 18], [5, 7, 17], [6, 20], [1, 2, 19]]","[[24, 19, 16], [5, 16], [2, 2, 2, 1, 2, 1, 2], [3, 35, 15], [11, 33], [5, 1, 10]]","[[0.02919931477971971, 0.03594223254977316, 0.0279705824284382], [0.04055067795458692, 0.023306917054393125], [0.022784852506058786, 0.013030567696328307, 0.03970600552639271, 0.010861739542646225, 0.01651970949497477, 0.014556234248807249, 0.013101448934443703], [0.013236432971218404, 0.05097210107550413, 0.01923010339802601], [0.03280231970024244, 0.05082425054651607], [0.020396694258721308, 0.01619316044451275, 0.022374854032902965]]","[2, 1, 1, 2, 1, 1]",-195032.113100166,-17.9637942533574,6,8,1.33333333333333,3.25,16.25,205
Case: 0038,1878.0529999733,145862.317141519,29947.5446819115,8914.77245960715,90000,17000,"[[4, 7], [1], [9, 10], [2, 3, 5], [6, 8]]","[[5, 2], [42], [5, 19], [4, 4, 5], [3, 3]]","[[0.019302707442329592, 0.03940220304458173], [0.0373090974004402], [0.022177959284206194, 0.027737096477192903], [0.011859909519081755, 0.015328827236154252, 0.014985865683559009], [0.014742857870716405, 0.052314191537550604]]","[1, 3, 2, 2, 1]",-6275.90705601539,-4.12513494824736,5,9,1.8,1.88888888888889,18.8888888888889,92
Case: 0039,6159.22200012207,108441.591431362,17870.5782562487,8571.01317511294,60000,22000,"[[10, 14], [2, 3, 13, 15], [1, 7, 9, 12, 16, 19], [5, 6, 8, 17, 18, 20], [4, 11]]","[[4, 9], [2, 2, 1, 1], [1, 0, 1, 1, 1, 1], [4, 2, 0, 1, 1, 1], [10, 7]]","[[0.01545136313795691, 0.013021445022671583], [0.01712383138318365, 0.0046387472688325165, 0.007608181000327328, 0.021620240188202695], [0.003230717392421615, 0.035254623197296435, 0.016611632082361872, 0.013839408086133789, 0.009634363115759803, 0.016750490699423932], [0.012643177078110364, 0.021239717553115645, 0.028362726098588215, 0.018018714495506055, 0.006988685220903674, 0.008427475482491507], [0.020467044321503293, 0.010556110490023769]]","[1, 1, 1, 1, 2]",-10682.3652050833,-8.96743653141482,5,6,1.2,3.66666666666667,18.3333333333333,50
Case: 0040,1194.18700003624,498507.741942365,69013.2468292429,18494.4951131215,400000,11000,"[[2], [5, 8], [1, 3, 4, 6, 7, 9, 10]]","[[46], [5, 64], [3, 4, 3, 5, 5, 4, 10]]","[[0.04692451957827923], [0.015480569255789101, 0.21018994896027426], [0.01566556827526499, 0.04002680111282083, 0.040223589396607765, 0.013094507005544813, 0.02238752478629867, 0.025399278908982845, 0.06179343122774862]]","[2, 1, 1]",4129.63702422677,0.835319562728326,3,4,1.33333333333333,2.75,27.5,149
Case: 0041,7201.50999999046,1314935.77209203,41892.1145223718,13043.6575696625,1000000,260000,"[[3, 15], [1, 6], [2, 12, 16], [4, 5, 7, 11, 20], [14, 19], [9, 17], [8, 10, 13, 18]]","[[4, 50], [23, 5], [1, 5, 8], [2, 2, 4, 1, 5], [13, 2], [9, 30], [14, 0, 2, 2]]","[[0.03457223204466293, 0.16316650311884137], [0.024077762283199942, 0.023847400543703236], [0.04643556254060208, 0.040484522352028394, 0.03371535776882339], [0.059639569744879314, 0.022698012487329274, 0.02378245103132289, 0.03527259214322984, 0.042224525559021425], [0.046153471971604555, 0.04336414494878201], [0.021388133309152804, 0.030467208787701264], [0.050107087045255995, 0.010721059369339658, 0.03297690989172622, 0.03323708652178164]]","[1, 2, 1, 1, 1, 3, 1]",-235151.491041278,-15.1702098736008,7,10,1.42857142857143,2.6,13,182
Case: 0042,3816.64100003242,130636.371895992,21921.6957908958,6514.67610509606,100000,2200,"[[3, 6, 7, 8], [1, 2, 9, 10], [5], [4]]","[[3, 3, 1, 2], [3, 12, 2, 10], [32], [40]]","[[0.01440651823346966, 0.03268397947214291, 0.0342431622181701, 0.029685085886985558], [0.02590315650647389, 0.0200338329988538, 0.016542665840463544, 0.026483320346396763], [0.02288602244443157], [0.015303555940353798]]","[1, 3, 3, 3]",4485.36723461907,3.55555411283418,4,10,2.5,2.2,22,108
Case: 0043,7575.94099998474,90892.2272108577,14243.9365782243,4648.29063263347,70000,2000,"[[6, 12, 18], [4, 5, 7, 8, 10, 11, 17], [1, 2, 19], [14], [16, 20], [9, 15], [3, 13]]","[[6, 3, 1], [1, 0, 1, 1, 2, 1, 1], [9, 5, 2], [2], [6, 4], [6, 7], [8, 20]]","[[0.009313105143185658, 0.02108448828661668, 0.00842904940763238], [0.009346325603057017, 0.03715609954410759, 0.009900112730918412, 0.02282342761255559, 0.017857639510312943, 0.017337253328420465, 0.016535894602681844], [0.012612019305531835, 0.009243572817517545, 0.024129848362537218], [0.006965201604549739], [0.00738706603179581, 0.014413026097294192], [0.007051448340819056, 0.011413287726425799], [0.01288469545671777, 0.011623158162853107]]","[1, 1, 1, 1, 1, 1, 1]",12035.6827422717,15.2627569764566,7,7,1,2.85714285714286,14.2857142857143,86
Case: 0044,1644.64400005341,654353.253938441,27316.1725651357,7037.08137330494,500000,120000,"[[1, 8], [3, 5, 10], [2, 6, 7, 9], [4]]","[[51, 21], [4, 4, 17], [1, 4, 8, 4], [14]]","[[0.10803356732325589, 0.02289944690936596], [0.042350895301552394, 0.014406460743582974, 0.05284497619224829], [0.04296567050686575, 0.017851909365638453, 0.05169756627831293, 0.028009601656690676], [0.04439125814032762]]","[2, 1, 1, 1]",-42514.0304917971,-6.10073559796351,4,5,1.25,2.4,24,128
Case: 0045,3768.1859998703,152119.851607145,29321.6041597055,7798.24744743909,90000,25000,"[[3, 13], [4, 5, 7, 9, 18, 19, 20], [6, 12, 17], [11], [1, 14, 16], [2, 10], [8, 15]]","[[68, 10], [1, 1, 2, 0, 1, 2, 2], [4, 4, 5], [9], [3, 5, 8], [6, 12], [3, 18]]","[[0.025309814010053125, 0.029991976969747692], [0.00999669557133179, 0.013288712637317278, 0.02048627879179593, 0.027988669118350313, 0.01842482658764097, 0.020156237393205646, 0.011119016043655325], [0.016949351376050137, 0.02527463915259168, 0.022033935667738945], [0.012824261511242618], [0.00889477640080079, 0.010077964479133129, 0.011765909454589558], [0.031389948977073256, 0.01931767189686523], [0.021563933480537832, 0.03695720003842175]]","[2, 1, 1, 1, 2, 1, 1]",-30524.2155260792,-16.712404626762,7,9,1.28571428571429,2.77777777777778,13.8888888888889,164
Case: 0046,2512.38900017738,847222.049262959,21301.9727890503,5920.07647390871,800000,20000,"[[1, 2, 4, 5, 7, 9], [8, 10], [3, 6]]","[[4, 1, 2, 1, 1, 1], [12, 30], [8, 89]]","[[0.03823836100864124, 0.01495689568671592, 0.027124619696866907, 0.005068495146711736, 0.021303633426908504, 0.04225132382439455], [0.019105513302298916, 0.03349599118519063], [0.00774182084653407, 0.06354817821317411]]","[1, 3, 4]",-101552.039055176,-10.7035004755657,3,8,2.66666666666667,2.5,25,149
Case: 0047,2268.0110001564,585048.336940586,49924.8305762152,15123.5063643712,500000,20000,"[[5, 9, 13], [4, 8, 16, 17], [1, 2, 3, 11, 12, 14, 15, 18], [19, 20], [6, 7, 10]]","[[32, 24, 2], [1, 2, 3, 6], [8, 8, 4, 1, 4, 1, 5, 24], [13, 11], [1, 4, 2]]","[[0.03795084933696395, 0.16877588560715762, 0.01861131476911046], [0.005705472797986003, 0.012414994405206088, 0.0241370336477671, 0.020070207880109416], [0.03673136163179173, 0.079739671833004, 0.009519817281627277, 0.01175643634181122, 0.03196387679689065, 0.03219241998494538, 0.0742875693753425, 0.12107390040602968], [0.08873031811676478, 0.017378666581064652], [0.017674814342476513, 0.010349111874652085, 0.0261126371017015]]","[1, 1, 1, 1, 1]",28281.2899430469,5.07955528179308,5,5,1,4,20,156
Case: 0048,1344.67999982834,84117.4189993865,8903.29615945487,3214.12283993165,60000,12000,"[[2, 7], [1, 4, 9], [3, 10], [6, 8], [5]]","[[0, 1], [2, 3, 4], [16, 7], [0, 10], [6]]","[[0.024178819036605077, 0.002652843879357039], [0.01857532213551761, 0.008931167438314586, 0.015826635701466158], [0.012542263970447038, 0.004480319300119443], [0.016234170042753942, 0.01132063752841967], [0.01388175794478724]]","[1, 1, 2, 1, 1]",2294.60885422537,2.80436329448295,5,6,1.2,2,20,49
Case: 0049,4790.05100011826,198382.153802903,44022.6362921741,12359.5175107284,110000,32000,"[[11], [10, 18], [1, 6, 8], [5, 13], [2, 4, 7, 9, 14, 19, 20], [3, 15, 16], [12, 17]]","[[6], [3, 7], [8, 4, 6], [8, 4], [4, 1, 2, 4, 1, 3, 3], [4, 25, 8], [3, 2]]","[[0.04955596282916917], [0.03963054295218744, 0.028597972160996687], [0.06471882197845275, 0.051533997229334445, 0.02290856464358166], [0.03432823419024641, 0.047137823641881814], [0.006142285890309427, 0.00899817525248006, 0.005675880119657741, 0.0024071200146931035, 0.016852702780174464, 0.019063941299909532, 0.003399561794463568], [0.024556336912307537, 0.028250893238324637, 0.049270379116914655], [0.027649068027419902, 0.036869407334109865]]","[1, 1, 3, 1, 1, 3, 1]",-17350.6154953075,-8.04264254881166,7,11,1.57142857142857,2.90909090909091,14.5454545454545,106
Case: 0050,8736.57400012016,1107176.94592563,62660.9123722649,16516.0335533696,1000000,28000,"[[7], [4, 6, 10], [1, 2, 3, 5, 9], [8]]","[[15], [8, 12, 15], [6, 8, 11, 7, 7], [131]]","[[0.0283251116641849], [0.005733806857511964, 0.06181933547187919, 0.0222577177138317], [0.023454569341620157, 0.070256412595149, 0.0886089058229284, 0.06047365510960281, 0.042218712862186994], [0.6875708011451434]]","[1, 1, 4, 4]",109286.029181318,10.9517009672631,4,10,2.5,2.8,28,220
Case: 0051,6961.36800003052,671317.719553742,34438.383762046,12879.3357916961,600000,24000,"[[3, 10, 13], [8, 16, 17], [2, 5, 14, 20], [1, 4, 7, 11, 15, 18], [6, 9, 12, 19]]","[[2, 10, 2], [2, 4, 4], [3, 3, 6, 1], [3, 1, 3, 1, 5, 3], [6, 6, 2, 3]]","[[0.025409374593741683, 0.022912282740194377, 0.01402106515767356], [0.02640574134636881, 0.011972090815690064, 0.028311999750223873], [0.02278113447278029, 0.03654713689180199, 0.08833548692709763, 0.007256198857475467], [0.01903202925605553, 0.03336905321868112, 0.02193258405354074, 0.014302494109725332, 0.007075553214962775, 0.05650575381569003], [0.019267569006985664, 0.0088518670414337, 0.04662072170774135, 0.008126761956224356]]","[1, 1, 2, 1, 1]",84490.8168125852,14.3979112780815,5,6,1.2,4,20,70
Case: 0052,2411.33899998665,114032.741602625,26750.0380700309,8282.70353259413,60000,19000,"[[2, 4, 9, 10], [7], [1, 3, 5, 6, 8]]","[[2, 4, 10, 3], [11], [4, 2, 1, 2, 2]]","[[0.004323603072459101, 0.03846288919702658, 0.031379436271227565, 0.01627827610199326], [0.0796561240269845], [0.02803611967360614, 0.04175198019761597, 0.001738214737359849, 0.030556305546295768, 0.009456474497978354]]","[3, 2, 1]",510.124271534121,0.449359152851748,3,6,2,3.16666666666667,31.6666666666667,41
Case: 0053,5186.03200006485,1136513.22841012,90557.8699063358,25955.3585037796,800000,220000,"[[2, 17, 18, 20], [1, 3, 14], [5, 8, 11, 19], [16], [13, 15], [4, 6, 7, 10], [9, 12]]","[[6, 9, 4, 4], [8, 8, 4], [15, 12, 2, 8], [59], [16, 21], [7, 1, 19, 11], [5, 12]]","[[0.08318618137286116, 0.04319903203285249, 0.03094706585441504, 0.02229898151126724], [0.036551363100731, 0.009535195345627093, 0.03131457135168358], [0.1087019879473824, 0.07058650480544827, 0.023150616051886723, 0.06680984357736824], [0.05822004179617784], [0.040299205326024455, 0.19488519496549414], [0.06234482055570632, 0.023957255123779924, 0.039188008292874936, 0.08098515890265043], [0.0663332805198241, 0.04405070971364217]]","[1, 1, 1, 1, 1, 1, 2]",-279883.112470257,-19.760225608624,7,8,1.14285714285714,2.75,13.75,231
Case: 0054,5364.77700018883,122345.890515169,22575.5899116018,6570.30060356721,90000,3200,"[[3, 8, 9, 10], [6], [1, 2, 4, 5, 7]]","[[1, 2, 3, 1], [20], [4, 14, 14, 8, 4]]","[[0.002691259077152345, 0.013828694286538656, 0.00852062216368571, 0.019546750048383587], [0.17141908336492873], [0.026272438279760873, 0.028632891050753524, 0.16376588399432218, 0.030455037944586743, 0.01170806658580158]]","[1, 3, 5]",419.758903991926,0.344273125412146,3,9,3,3.55555555555556,35.5555555555556,71
Case: 0055,5997.34100008011,108477.200210634,21331.6289838445,11545.5712267898,70000,5600,"[[3, 16], [4, 6, 7, 9, 10, 11, 13, 15, 17, 18, 19, 20], [2, 5, 12], [1, 8, 14]]","[[2, 2], [10, 8, 4, 2, 2, 8, 7, 3, 1, 4, 5, 2], [1, 1, 1], [2, 2, 3]]","[[0.019861582368468612, 0.011702720849173955], [0.13266686457550256, 0.1070799855648553, 0.036976032748889685, 0.022849526938203933, 0.02810441993604244, 0.045310721085590686, 0.0805735541459797, 0.038415029869836276, 0.014834658892483605, 0.053213782903466074, 0.10451094138566236, 0.020712022497406467], [0.002258033471236036, 0.02113542197960779, 0.018038341927847434], [0.02781444388896749, 0.004163569953577259, 0.012022179982270172]]","[1, 4, 1, 1]",18954.7159157874,21.1731343975655,4,7,1.75,8,40,70
Case: 0056,1259.86100006104,625795.886300876,76504.0352710034,19291.8510298723,400000,130000,"[[3, 4, 7, 8, 9], [5, 10], [1, 2, 6]]","[[3, 3, 6, 3, 6], [8, 4], [49, 8, 68]]","[[0.01354115687938933, 0.005208559501816174, 0.04763205700827418, 0.010850315875494301, 0.03993988121006269], [0.03119516786907003, 0.023563135460046212], [0.2412775062653963, 0.036667045546888696, 0.04390419965794894]]","[1, 1, 2]",-96528.8794962433,-13.3636397458585,3,4,1.33333333333333,3.25,32.5,158
Case: 0057,10447.1449999809,1102401.26078465,49395.2030871554,14006.0576974954,1000000,39000,"[[1, 3, 8, 19], [2, 4, 6, 13], [5, 7, 12, 14, 17, 20], [9, 16, 18], [10, 11, 15]]","[[2, 4, 4, 6], [7, 6, 8, 8], [5, 4, 2, 3, 1, 3], [17, 13, 15], [3, 14, 12]]","[[0.007026256298640209, 0.058168601707731304, 0.025447203742049198, 0.05782441160759413], [0.06440923987609551, 0.02236376510719111, 0.033719629791106334, 0.03225373998871513], [0.050426196058574554, 0.06510393724185, 0.013778989648905454, 0.007455543758531106, 0.0023381820014599947, 0.003709996982582988], [0.004876437306579244, 0.022471979802533175, 0.009169572082717818], [0.0007205525144386118, 0.00924652990715395, 0.007272035381552543]]","[2, 4, 1, 2, 1]",-11480.3023686486,-1.03065736505674,5,10,2,3.9,19.5,137
Case: 0058,2957.71399998665,173289.907918774,35231.1903932805,10058.7175254932,100000,28000,"[[3, 4, 9], [7], [1, 6], [2, 5, 8, 10]]","[[24, 4, 2], [11], [18, 8], [4, 4, 5, 8]]","[[0.05638574035429469, 0.05981705532211588, 0.03286135053595182], [0.0318662806181603], [0.04657923423943605, 0.08532323803570661], [0.025300069604720206, 0.04828963935175835, 0.06610793578125031, 0.01133421930689351]]","[5, 1, 2, 2]",1969.83842831349,1.14980015719827,4,10,2.5,2.8,28,88
Case: 0059,4872.13999986649,125794.98886855,25175.277017027,7619.7118515228,70000,23000,"[[3, 5, 6, 7, 13, 14], [2, 16], [4, 10, 11, 18], [9, 15], [12, 19, 20], [1, 8, 17]]","[[1, 1, 2, 1, 1, 1], [3, 8], [1, 4, 4, 1], [4, 6], [10, 1, 4], [3, 3, 5]]","[[0.015524520204329657, 0.008960365585268661, 0.007841254420553861, 0.0009357352024905029, 0.014402369039579083, 0.01700705433599497], [0.0019450240312465616, 0.009241626808443263], [0.009376739888677373, 0.0011742150893076864, 0.013073195546899015, 0.01353323614922866], [0.04946067944526976, 0.015641339446885866], [0.0013370227710010852, 0.007637919149098362, 0.0094453711988899], [0.006665549510587151, 0.026428872001662176, 0.02492593814460051]]","[1, 1, 1, 1, 1, 2]",-3849.84384076243,-2.9695312650019,6,7,1.16666666666667,3.28571428571429,16.4285714285714,64
Case: 0060,1775.48799991608,551448.123705695,28047.1034628387,8401.02024285584,500000,15000,"[[3, 5, 6, 7, 8], [1, 10], [2, 4, 9]]","[[2, 2, 4, 6, 3], [6, 26], [7, 8, 7]]","[[0.02698903673266964, 0.013567613134879976, 0.0007692208348761991, 0.02205710720558278, 0.025132938778946196], [0.0545685811826103, 0.05812151346930038], [0.06698660780978206, 0.072967356583713, 0.022446487103452414]]","[1, 2, 2]",-341.313497620984,-0.061855750510719,3,5,1.66666666666667,3,30,71
Case: 0061,11076.7409999371,148078.905833908,26815.2396815282,7263.66615237936,110000,4000,"[[5, 9, 12, 17], [1, 2, 13], [3], [15], [4, 6, 8, 11, 14, 16], [7, 18], [10, 19, 20]]","[[1, 2, 2, 1], [5, 1, 3], [6], [9], [5, 7, 34, 5, 26, 8], [6, 3], [2, 5, 1]]","[[0.009525215082494596, 0.01943796694927949, 0.007008421499929762, 0.0018831197531662125], [0.008174219324374772, 0.02122457563151996, 0.0015944040748535734], [0.025095130465581247], [0.004688490966947418], [0.02536030634057699, 0.07144556979671081, 0.16405294695436345, 0.019551193625983405, 0.18940414230403263, 0.043989142285227815], [0.04519184852905896, 0.015291507768530135], [0.015214160279314432, 0.01035855619816331, 0.003620746171821914]]","[1, 1, 1, 1, 4, 2, 1]",13051.7869821232,9.66604863757024,7,11,1.57142857142857,3.63636363636364,18.1818181818182,132
Case: 0062,1170.3140001297,1025287.16577215,34570.7073622948,10716.458409855,800000,180000,"[[2, 6, 9], [3, 5, 10], [4], [1, 7, 8]]","[[10, 3, 4], [6, 6, 12], [39], [13, 8, 6]]","[[0.052699814543407504, 0.05729895292134984, 0.03322006033237841], [0.0029705818070358894, 0.03950027017306794, 0.022075077512050616], [0.05652032583446672], [0.09599531007890234, 0.04175655777438425, 0.08489901768540727]]","[2, 1, 3, 2]",-177161.620942459,-14.7334026113918,4,8,2,2.25,22.5,107
Case: 0063,2297.49399995804,738580.946071403,29442.4092900145,9138.53678138814,500000,200000,"[[4, 16], [1, 2, 6, 7, 19], [3, 8, 14], [5, 9, 10, 11, 12, 15, 20], [13, 17, 18]]","[[3, 36], [5, 2, 4, 4, 5], [2, 4, 2], [6, 2, 2, 3, 1, 2, 5], [4, 3, 2]]","[[0.006973470017344245, 0.039135797489324], [0.04882438753883177, 0.023806741864808592, 0.011618496121471889, 0.009444967818305637, 0.005056320391966934], [0.019206047948440986, 0.017277029560474295, 0.040087156748276946], [0.020303947256319642, 0.01128457778593478, 0.025038903407822694, 0.014931824600998837, 0.03050502535740399, 0.003452775588362891, 0.026404969047099568], [0.012091884935087394, 0.03358467271413668, 0.01775810787326062]]","[1, 1, 1, 1, 1]",-71536.7386031387,-8.8304131555748,5,5,1,4,20,97
Case: 0064,2119.86800003052,82238.2091829247,15616.7776678289,4221.43151509582,60000,2400,"[[6, 7], [1, 2, 3, 5, 9, 10], [4, 8]]","[[11, 61], [4, 33, 22, 46, 25, 9], [2, 3]]","[[0.009311185458362885, 0.06689166749455808], [0.032172282510734555, 0.19588234309025693, 0.0835317572622657, 0.05031839250272326, 0.08371905934431294, 0.0522662159489883], [0.015448158299367338, 0.024848168593236526]]","[2, 3, 1]",9804.82633317746,13.5363363513149,3,6,2,4,40,216
Case: 0065,1715.79300022125,93836.4931122429,14570.2172497628,4266.27586248012,60000,15000,"[[2, 8, 10], [9], [3, 5], [1, 4, 6, 7]]","[[3, 2, 2], [3], [7, 4], [7, 1, 6, 2]]","[[0.027510348942694024, 0.02303233321403487, 0.01148463403389907], [0.018491803139548662], [0.013570566262424744, 0.029699866066756328], [0.013595473910754805, 0.0018136005962586118, 0.00885872495246294, 0.026345199096553466]]","[2, 1, 2, 1]",6396.55454648122,7.31536944261518,4,6,1.5,2.5,25,37
Case: 0066,6796.29500007629,165942.242090469,42236.821636395,10705.4204540737,90000,23000,"[[1, 3, 5, 7, 10, 13, 15], [2, 19, 20], [9, 16, 18], [6, 11], [4, 12, 17], [8], [14]]","[[1, 1, 1, 2, 3, 1, 2], [2, 2, 8], [3, 5, 4], [8, 11], [7, 2, 5], [18], [35]]","[[0.04059990523696621, 0.007422604838691407, 0.02110552383745422, 0.014159539516907163, 0.018701528477595295, 0.004452717021205719, 0.0074719420737481435], [0.015620565944874928, 0.008579926058670898, 0.02465489439842537], [0.00289271309762504, 0.011197434189498513, 0.037761211877364365], [0.0542819617487719, 0.03912796642587648], [0.01480800362567914, 0.03641167505417725, 0.0019986002816350336], [0.0528714995703685], [0.039651418036573995]]","[1, 1, 1, 2, 1, 1, 2]",-22828.4379721096,-12.0932117024433,7,9,1.28571428571429,2.55555555555556,12.7777777777778,121
Case: 0067,2563.25300002098,81399.6433124596,14658.8563077449,3740.78700471477,60000,3000,"[[3, 5, 6, 9, 10], [1, 2, 4, 7, 8]]","[[22, 17, 37, 17, 82], [3, 1, 3, 3, 1]]","[[0.06626296587613591, 0.06623498363796576, 0.2035680335363497, 0.13021882674323312, 0.07088626686758659], [0.013843000376947152, 0.012316706250680367, 0.0459635541675982, 0.005275716145446107, 0.018019451047702393]]","[4, 2]",4790.58425431882,6.25328690002981,2,6,3,5,50,186
Case: 0068,19408.2030000687,166077.749570945,28479.8329533761,11197.9166175694,120000,6400,"[[8, 11, 15, 20], [1, 4, 10], [6, 9, 12, 14, 18], [2, 3, 5, 7, 13, 16, 17, 19]]","[[3, 2, 13, 8], [1, 14, 21], [2, 1, 1, 2, 5], [3, 4, 2, 11, 3, 4, 11, 3]]","[[0.0753611549441106, 0.003959023761756768, 0.18860401717531583, 0.05802255364768869], [0.008930903866988053, 0.0008151806410391722, 0.010248756739315277], [0.036340175977605804, 0.013774705194005029, 0.009951548558671247, 0.011315392386053096, 0.0029434983716308256], [0.029515550725491783, 0.06064458524646819, 0.009071606252312903, 0.049355765090525396, 0.039484527161527505, 0.02275609727868103, 0.11753086682660147, 0.06802738471650593]]","[6, 1, 1, 4]",13980.0653793574,9.19150442931632,4,12,3,5.33333333333333,26.6666666666667,114
Case: 0069,6409.31500005722,112519.072612818,24997.7912431468,7521.28136967126,60000,20000,"[[6, 8, 9, 14, 15, 17, 18, 19, 20], [7, 10], [13], [12, 16], [3, 4, 11], [1, 2, 5]]","[[0, 2, 1, 1, 1, 2, 1, 1, 0], [4, 2], [11], [3, 5], [3, 3, 3], [6, 2, 3]]","[[0.0018789432545560025, 0.01302411380370302, 0.002379318249134709, 0.0051788360624730545, 0.015464693042301044, 0.0051690756947306345, 0.01415935630803858, 0.0029243207310342204, 0.0021906844693042934], [0.014441502163002998, 0.016941731881637473], [0.01801128349865492], [0.01099814950688646, 0.011142395299682492], [0.0397293405433918, 0.023242347935935787, 0.007724334165753347], [0.005886929396874246, 0.009995346876690226, 0.015396838295182612]]","[1, 1, 1, 1, 1, 1]",-12531.6189189939,-10.0212312027127,6,6,1,3.33333333333333,16.6666666666667,54
Case: 0070,4862.46000003815,162125.520336276,36918.5117508951,9207.00858538096,90000,26000,"[[1, 7], [2, 4], [3, 5, 6, 9], [8, 10]]","[[71, 52], [4, 6], [5, 5, 4, 12], [4, 10]]","[[0.38234909557088537, 0.5408236116095342], [0.005968841028806007, 0.025435633357322386], [0.0246900373193746, 0.03960362119711125, 0.035953836854043825, 0.033716761720258975], [0.021482727017926362, 0.040585995563591826]]","[3, 1, 4, 1]",3844.90778124952,2.42917165860275,4,9,2.25,2.88888888888889,28.8888888888889,173
Case: 0071,6333.71199989319,102180.978721978,21270.4871752122,7110.49154676591,70000,3800,"[[1, 4, 6, 12], [3, 7, 8, 17, 19], [5, 9, 11, 16], [2, 10, 13, 14, 15, 18, 20]]","[[5, 4, 2, 1], [1, 1, 4, 2, 1], [1, 3, 1, 2], [18, 5, 21, 9, 7, 19, 18]]","[[0.01146840623972448, 0.0030831347438533634, 0.03177051612258082, 0.0020911950027220046], [0.003949386528105288, 0.0009202941167349895, 0.008247401609922992, 0.0042479317378991506, 0.021591319871290603], [0.03209867452069055, 0.0077331830576092145, 0.0005799335096409598, 0.03121907480776984], [0.21909089909307625, 0.08985738373868603, 0.06952265459835291, 0.09897281681495698, 0.027784960068511663, 0.21746065349750204, 0.16218793126647055]]","[2, 1, 1, 3]",7433.90796733298,7.84605572301403,4,7,1.75,5.42857142857143,27.1428571428571,125
Case: 0072,10195.3340001106,144180.899620316,29233.6185614802,8747.28105883627,100000,6200,"[[1, 9, 10], [2, 3, 4, 5, 6, 7, 8]]","[[7, 5, 4], [4, 27, 6, 8, 53, 4, 17]]","[[0.07040499512656812, 0.00595291392818121, 0.03258355306801221], [0.004412887268061337, 0.023481330779259638, 0.036857853693419054, 0.04483975188428652, 0.15086824737054355, 0.0074993781139133875, 0.15205825535195727]]","[2, 8]",6856.6878309077,4.99306549191971,2,10,5,6.2,62,135
Case: 0073,2276.03600001335,62440.0118642102,8589.26699953603,2250.74486467415,50000,1600,"[[2, 4, 5], [1, 7, 10], [3, 6, 8, 9]]","[[10, 5, 6], [7, 5, 8], [1, 1, 2, 1]]","[[0.008627511612018145, 0.0131401990638744, 0.012721514291495881], [0.007798023463704143, 0.01661963715795567, 0.010046341513579329], [0.01707363915264923, 0.009776946727066003, 0.020373990808486946, 0.0034540031599976226]]","[2, 2, 1]",1649.72969862671,2.71380496990144,3,5,1.66666666666667,3.2,32,46
Case: 0074,10270.2239999771,122047.712132923,19633.5175854473,7414.19454747534,90000,5000,"[[1, 2, 7, 8, 9, 10, 12, 14, 15], [3, 4, 5, 13, 16, 20], [11, 18, 19], [6, 17]]","[[2, 2, 2, 2, 1, 1, 1, 1, 3], [2, 11, 5, 8, 12, 2], [1, 11, 4], [8, 2]]","[[0.012702343613989225, 0.011688846516854624, 0.01744379716713229, 0.02361241514963389, 0.022385270107501295, 0.033160722961428815, 0.03002579907911997, 0.01806027739758957, 0.012301588138264628], [0.016132815072804733, 0.012339276297982595, 0.01599815167467557, 0.009474714256648739, 0.011698103792612838, 0.03167814820835398], [0.0052106624041071544, 0.028115171479759362, 0.014074369301286586], [0.017003712634949764, 0.03198001712267106]]","[2, 4, 2, 1]",-2312.54164611349,-1.85955043982334,4,9,2.25,5.55555555555556,27.7777777777778,81
Case: 0075,1961.81599998474,88630.6894266693,11253.253468588,3377.43595808128,60000,14000,"[[9, 10], [1, 2, 7, 8], [3, 6], [4, 5]]","[[3, 8], [1, 0, 2, 1], [8, 8], [15, 12]]","[[0.026187794516027187, 0.028793282892658645], [0.017808876491149605, 0.03150692746772283, 0.012337130760238475, 0.014086351075042695], [0.020634643829771173, 0.013732748272919752], [0.01409236820894191, 0.02725757331609028]]","[1, 1, 2, 2]",1245.83301136833,1.42568525311462,4,6,1.5,2.33333333333333,23.3333333333333,58
Case: 0076,5880.85799980164,172398.887725174,26753.7276023083,8645.16012286566,110000,27000,"[[1, 8, 9, 19, 20], [5, 12, 16], [10, 11, 15], [4, 14], [6], [13], [2, 17, 18], [3, 7]]","[[0, 1, 4, 0, 2], [1, 1, 9], [4, 7, 5], [22, 8], [4], [29], [4, 10, 9], [6, 12]]","[[0.054147222963028166, 0.012961895398032974, 0.01677084623033582, 0.05732176697135827, 0.03530951351198283], [0.006176089815862864, 0.013884756786980134, 0.029815432745102847], [0.0376479226023205, 0.04654883215110829, 0.04154176920523772], [0.012733166505616369, 0.03553040249539667], [0.028669616542553907], [0.05162323066826008], [0.04010211409141247, 0.019847256744329692, 0.048622010744454026], [0.014166427075786404, 0.02961740567474506]]","[1, 1, 1, 2, 1, 1, 2, 2]",-16453.0421519381,-8.71213874417076,8,11,1.375,2.45454545454545,12.2727272727273,138
Case: 0077,6719.13699984551,82679.0236494787,14288.8458309765,6390.17781850217,60000,2000,"[[3, 7, 8, 20], [2, 9, 11, 12, 15], [1, 13], [6, 17], [14, 16], [4, 5, 10, 18, 19]]","[[1, 1, 3, 1], [0, 0, 1, 2, 2], [5, 6], [8, 1], [4, 5], [1, 2, 5, 2, 2]]","[[0.017402248497156263, 0.018307341955335676, 0.015336388521531283, 0.020823586849747357], [0.04144603454657933, 0.023580899430451448, 0.01004538662120462, 0.01019627205546635, 0.009384644983680029], [0.015589252297299475, 0.021610053514687207], [0.027263176228100667, 0.02291958854158378], [0.015479836328869668, 0.012292295573807356], [0.015202147569788181, 0.011107242876412227, 0.0102231153567785, 0.009714103591670539, 0.006519485764224613]]","[1, 1, 1, 1, 1, 1]",10289.8016460615,14.2145492951641,6,6,1,3.33333333333333,16.6666666666667,52
Case: 0078,4340.9470000267,108776.349718932,18496.0366624898,6280.31305644207,80000,4000,"[[1, 2, 5, 6, 10], [3, 4, 7, 8, 9]]","[[2, 2, 3, 1, 5], [17, 4, 5, 6, 15]]","[[0.025909887890818536, 0.04037348389254495, 0.01560232843353657, 0.029429924088829863, 0.019428511191030798], [0.03020561552267563, 0.03298121775945392, 0.032865894012226435, 0.018369567372251316, 0.027590260030027146]]","[2, 6]",-2002.62742021034,-1.80776847009065,2,8,4,5,50,60
Case: 0079,4628.55700016022,129091.527970127,22576.9952551653,6514.53271496224,80000,20000,"[[9, 12, 17], [19, 20], [8], [13], [2, 4, 11, 15, 16], [5, 7, 14], [1, 6, 18], [3, 10]]","[[1, 1, 5], [3, 7], [11], [2], [1, 1, 1, 1, 1], [2, 3, 7], [3, 2, 5], [7, 3]]","[[0.021778264521298236, 0.025424947492187298, 0.010852524463997116], [0.0067420147871377276, 0.013630011787927847], [0.015032072350705713], [0.0037636373268972317], [0.020641507762114635, 0.004832104723223898, 0.006069247793828992, 0.003317458148000806, 0.011941004700933474], [0.02007222164585242, 0.02154967703638956, 0.014665370490588586], [0.015421055704649779, 0.005824852402457109, 0.019859023026486938], [0.014422563357445742, 0.01541040109895939]]","[1, 1, 1, 1, 1, 1, 1, 1]",-9538.83380436023,-6.88076816814285,8,8,1,2.5,12.5,67
Case: 0080,1782.56799983978,164064.461002335,23523.4912381703,6540.96976416465,110000,24000,"[[2, 6, 10], [4, 7], [3], [1, 5, 9], [8]]","[[3, 2, 2], [13, 11], [16], [10, 2, 7], [17]]","[[0.021286357763690738, 0.046156061059987055, 0.03446462374111678], [0.02267924374504955, 0.022992894142256685], [0.045414072413718205], [0.037488764448860644, 0.022454588354678676, 0.0215274112619477], [0.03324158072173493]]","[2, 3, 1, 3, 2]",8251.81360859276,5.29598447020814,5,11,2.2,2.18181818181818,21.8181818181818,83
Case: 0081,1883.65299987793,474644.264988648,47914.8720694234,12729.3929192242,400000,14000,"[[1, 3, 5, 9], [2, 7], [4, 6, 8, 10]]","[[3, 7, 6, 6], [64, 3], [1, 9, 5, 6]]","[[0.020996628888964988, 0.06185308192291575, 0.028639893221304395, 0.027246514281552007], [0.07898729780020033, 0.02544458417660954], [0.017167563495652505, 0.024172554693206772, 0.019582214779905276, 0.04362309738450541]]","[2, 1, 1]",12472.5777424203,2.69868927210494,3,4,1.33333333333333,3.5,35,110
Case: 0082,5797.19199991226,944285.315526881,90845.0787105729,25440.2368163079,800000,28000,"[[13], [2, 12, 17], [10, 11], [3, 6, 14, 16], [1, 7, 15, 19, 20], [4, 5, 8, 9, 18]]","[[11], [42, 10, 5], [11, 8], [4, 7, 8, 4], [11, 9, 14, 7, 23], [3, 6, 5, 2, 3]]","[[0.11824590345576025], [0.2695955313078167, 0.005511778789776378, 0.0035646934938207897], [0.01299801399787054, 0.02728118065806373], [0.019782443173982103, 0.02981552253609151, 0.05457896389259997, 0.025168694456868857], [0.01863862032599238, 0.006372768129665484, 0.035555504734408154, 0.039920916397174905, 0.03830597117514727], [0.015179790000329514, 0.0728748622623612, 0.03924337746581036, 0.016619981583557077, 0.050675232542375215]]","[1, 2, 1, 1, 2, 1]",-145512.612994159,-13.3522563390843,6,8,1.33333333333333,3.5,17.5,193
Case: 0083,961.110000133514,698102.211458925,76416.0623019703,21686.1491569544,500000,100000,"[[3, 5, 8], [2, 7], [1], [9, 10], [4, 6]]","[[10, 12, 5], [8, 29], [32], [12, 16], [36, 4]]","[[0.06855711448223377, 0.08848333307683533, 0.02816185154133855], [0.05352541673910955, 0.009157363460714388], [0.2644840414233782], [0.06687204418396372, 0.09913100102955123], [0.09974916857915805, 0.022425228110159345]]","[1, 1, 1, 1, 1]",-15536.0029336137,-2.17701387345663,5,5,1,2,20,164
Case: 0084,3130.51400017738,1354131.06784389,107023.960386953,27107.1074569368,1000000,220000,"[[1, 7, 10, 14], [15], [6, 8, 17, 19], [2], [11], [5, 13, 20], [12, 18], [3], [4, 9, 16]]","[[5, 15, 3, 8], [7], [3, 13, 3, 6], [30], [87], [6, 11, 5], [11, 71], [26], [4, 4, 3]]","[[0.00843103108211054, 0.14637963814866434, 0.003394663247111257, 0.017500281050459678], [0.002867436235665057], [0.007276413163578511, 0.08380797545936954, 0.04054187087270584, 0.013543419063056793], [0.14677255991367075], [0.016854894125563187], [0.01566070373210986, 0.09440456507224322, 0.033235513425444826], [0.06851690375399558, 0.0746007778416763], [0.0488107513863747], [0.020732637975032213, 0.03424019195955259, 0.020696409516433246]]","[1, 1, 1, 1, 1, 1, 2, 1, 1]",-234582.718156195,-14.7655745310051,9,10,1.11111111111111,2.2,11,321
Case: 0085,5626.67199993134,566120.545322,36011.5443443636,10109.000977636,500000,20000,"[[7, 13], [2, 8, 10], [12, 15, 16, 17], [1, 3, 4, 5, 6, 9, 11, 14, 18], [19, 20]]","[[6, 3], [2, 4, 3], [1, 2, 11, 1], [2, 1, 1, 1, 1, 3, 2, 2, 1], [11, 13]]","[[0.043002085716912344, 0.026099207452402483], [0.015227444295582903, 0.003024588188638006, 0.021088540924924175], [0.00588842194537768, 0.016645739596459475, 0.027007099681485524, 0.01024022975614412], [0.02542515030937553, 0.009837135960859375, 0.0053656662969964455, 0.008346122737079048, 0.004793252184795601, 0.0039268155719705804, 0.002820806419577295, 0.01178628615781167, 0.00013471857778537774], [0.029135892158310434, 0.052638790313990755]]","[1, 1, 1, 1, 1]",-6667.62435561209,-1.16406460687987,5,5,1,4,20,71
Case: 0086,1469.27100014687,887186.313439088,47491.8435501698,12694.469888918,800000,27000,"[[3, 5], [6, 7, 10], [1, 2, 4, 8, 9]]","[[17, 5], [30, 9, 18], [4, 7, 4, 8, 5]]","[[0.04350382863389504, 0.016803944091678534], [0.021860701313825805, 0.01951732867260455, 0.11228495336946187], [0.0025945405722480803, 0.048540473792977545, 0.030799973945174947, 0.02764608143422746, 0.05615544922911477]]","[1, 5, 2]",-91710.5105386339,-9.36876168072245,3,8,2.66666666666667,3.375,33.75,107
Case: 0087,2352.68600010872,867775.941437312,53569.7329982146,14206.2084390969,600000,200000,"[[7, 11, 13, 14], [2, 4, 10, 20], [5, 9, 12, 15, 16, 19], [1, 3], [17], [6, 8, 18]]","[[7, 1, 2, 3], [2, 5, 5, 5], [2, 3, 7, 2, 10, 7], [19, 8], [17], [4, 2, 7]]","[[0.033002646085638396, 0.005219230281072939, 0.01709606018181358, 0.006869721607565561], [0.00798580381555037, 0.02605082192915843, 0.04016858174167154, 0.017444137243508323], [0.004329917360069724, 0.046063303440047505, 0.007184080481210133, 0.00906916558289265, 0.046762781736769676, 0.01734338980430926], [0.04076093314949698, 0.02787438528245332], [0.11360245894039574], [0.05230623902967899, 0.006948205004044467, 0.026593989095464364]]","[1, 1, 1, 1, 1, 1]",-32928.1923029033,-3.65582782063711,6,6,1,3.33333333333333,16.6666666666667,118
Case: 0088,2273.40799999237,1223011.35482003,96347.1472435869,26664.2075764453,900000,200000,"[[1, 7], [6, 8], [3, 10], [2, 4, 5, 9]]","[[25, 9], [5, 35], [43, 43], [7, 3, 10, 2]]","[[0.03355445455077481, 0.0836211004961432], [0.01927143393328328, 0.15057964170307284], [0.4137565565548682, 0.15069521995177856], [0.07255241164920521, 0.022414466729926936, 0.053985302743913624, 0.024537462588406687]]","[1, 4, 3, 1]",-40290.5884471103,-3.18930788176507,4,9,2.25,2.22222222222222,22.2222222222222,182
Case: 0089,1483.007999897,631233.280532609,24922.4343944148,6310.84613819405,500000,100000,"[[2, 7], [1], [3, 5], [4, 6, 8, 10], [9]]","[[3, 21], [3], [27, 13], [2, 9, 4, 2], [33]]","[[0.00772330255509628, 0.03662643800724836], [0.006006397792350804], [0.0562748580208826, 0.0236556761030972], [0.048874206958930556, 0.06214600511369358, 0.007351290010457235, 0.00772572916034908], [0.015609024898068254]]","[1, 1, 1, 1, 1]",-30986.5426728323,-4.67919285817261,5,5,1,2,20,117
Case: 0090,9626.91199994087,1169688.82545189,39194.125324994,10494.7001268999,900000,220000,"[[5, 8, 15], [1, 9, 18], [2, 14, 16, 19], [7], [3, 10], [6, 11, 12, 17], [20], [4, 13]]","[[7, 3, 12], [5, 6, 9], [5, 1, 3, 2], [3], [21, 33], [4, 3, 3, 5], [20], [1, 21]]","[[0.04657124834868169, 0.027767075241800547, 0.05115953069451343], [0.020283154893262826, 0.04506933193198498, 0.0393034146880535], [0.018066748025364766, 0.011758521256407119, 0.020922644408954867, 0.012890103638083376], [0.01032820326807512], [0.02318754003440308, 0.03392126458203037], [0.02296312604366593, 0.018817391024713057, 0.06430106545132555, 0.020988922262952913], [0.039415379897769755], [0.011184106288979465, 0.05021624515316421]]","[1, 1, 1, 1, 2, 1, 1, 1]",-347490.319762851,-22.9037105379976,8,9,1.125,2.44444444444444,12.2222222222222,167
Case: 0091,1957.1819999218,532690.147466547,13631.6870618248,3058.46040472166,500000,16000,"[[8, 9], [1, 2, 6, 7], [3, 4, 5, 10]]","[[12, 16], [1, 11, 1, 4], [8, 3, 11, 8]]","[[0.025277692298861554, 0.012010053757802078], [0.015521915668532456, 0.07804436909098438, 0.01262722532938262, 0.01901345818707487], [0.015063633951795071, 0.018227606663858996, 0.039166599937465844, 0.019214532811220954]]","[2, 1, 2]",-335.54429782473,-0.062950867661565,3,5,1.66666666666667,3.2,32,75
Case: 0092,8500.21200013161,1093895.12844757,51627.6860746163,14267.4423729506,1000000,28000,"[[6, 13], [15, 16], [5, 9, 11], [3, 4], [2, 7, 10, 12, 14, 18, 20], [17], [1, 8, 19]]","[[36, 10], [6, 15], [9, 22, 24], [2, 28], [1, 5, 0, 4, 2, 1, 2], [20], [6, 23, 4]]","[[0.03882542193675642, 0.02606013040087619], [0.02668795005217202, 0.02411533014292609], [0.04440894604539477, 0.029774459843798284, 0.015150075060731133], [0.011560705628066104, 0.16167317623565153], [0.02045839911188976, 0.01660589156406224, 0.013239746400999897, 0.030663668187537046, 0.054154427719814026, 0.01833791325496683, 0.014703559253911105], [0.026902753936404716], [0.03364212307112033, 0.04647108765028436, 0.027028220552768985]]","[2, 1, 3, 1, 1, 1, 1]",-8404.23539137724,-0.762427673196514,7,10,1.42857142857143,2.8,14,220
Case: 0093,6396.88300013542,746557.077617731,36785.6032276502,9771.47439008035,500000,200000,"[[2, 6, 7, 10, 11, 12, 13], [17], [1, 9, 15], [3, 4, 8], [5, 14, 16, 18, 19, 20]]","[[1, 1, 1, 1, 2, 2, 2], [12], [50, 16, 4], [2, 10, 3], [2, 1, 1, 2, 2, 2]]","[[0.01470205492706056, 0.006982843954435465, 0.012233295480449536, 0.004621694477715432, 0.014798623345636619, 0.014513390167386495, 0.005134580723220632], [0.021776679959376596], [0.08238362760770347, 0.030791319000724415, 0.039577894119433424], [0.02218514073966614, 0.018818834614309804, 0.005791519135162902], [0.007164927256097502, 0.0036540816029722394, 0.01790590793848943, 0.010025860735152546, 0.014869180884247853, 0.00721775132144485]]","[1, 1, 1, 1, 1]",-122579.58555858,-14.1036031215857,5,5,1,4,20,117
Case: 0094,1153.85099983215,1009961.79920713,39384.3873938887,10577.4118132432,800000,160000,"[[3], [1, 2, 6, 8, 9, 10], [4], [5, 7]]","[[30], [5, 4, 1, 6, 2, 1], [21], [19, 27]]","[[0.03042575893853744], [0.0348651605312439, 0.03634137172349739, 0.008362641359752733, 0.08744213053601334, 0.00515992805028095, 0.0031037408365205544], [0.04593491929539578], [0.027231900777636615, 0.04300955816598168]]","[3, 1, 1, 3]",-74960.7299939147,-6.90931637755895,4,8,2,2,20,116
Case: 0095,7970.56599998474,655958.056214064,27326.4771657245,8631.57904833892,600000,20000,"[[18], [6, 13, 15, 16], [4, 17], [2, 5], [14, 20], [1, 3, 7, 8, 9, 10, 11, 12, 19]]","[[5], [3, 8, 1, 1], [17, 7], [10, 19], [9, 17], [1, 1, 1, 1, 1, 1, 1, 1, 0]]","[[0.015394281686095187], [0.007079248137413368, 0.018831313906121923, 0.024940031217329274, 0.024613933357377334], [0.01838403792795733, 0.02579071338794894], [0.017060313966460076, 0.035456051085267684], [0.017903909987385558, 0.021063469646336146], [0.00534211586410996, 0.0034019166172587745, 0.023288866383814007, 0.004426243398829022, 0.007682232424162821, 0.010104222949188701, 0.01658875739431925, 0.005529088698206004, 0.03149592955903203]]","[1, 1, 1, 1, 1, 1]",50754.4810921625,8.38634852445138,6,6,1,3.33333333333333,16.6666666666667,105
Case: 0096,2689.88700008392,1002599.76682135,63956.5406867472,16643.2261346001,900000,22000,"[[2, 5, 7, 9, 10], [4, 6], [8], [1, 3]]","[[18, 31, 10, 7, 7], [29, 23], [48], [25, 14]]","[[0.055727702148762534, 0.14258825490626845, 0.1491955268616957, 0.019318946761741035, 0.0845058017310749], [0.049956401331731556, 0.037238863935900195], [0.06509949821815351], [0.042894667393376995, 0.06755457701176551]]","[2, 3, 2, 2]",5659.72333729907,0.567709500113949,4,9,2.25,2.44444444444444,24.4444444444444,212
Case: 0097,8629.26900005341,103078.469949005,22675.5979590457,7402.87198995878,70000,3000,"[[1, 6, 11, 13, 14, 16], [2, 12, 19], [4, 5, 9, 10, 15], [3, 8, 17], [7, 18, 20]]","[[2, 1, 1, 2, 2, 2], [2, 2, 4], [328, 152, 27, 102, 190], [5, 1, 2], [2, 2, 2]]","[[0.0035821699439933267, 0.012396305607713536, 0.03100075768379367, 0.005231652374849773, 0.005496686923074802, 0.005530940460400203], [0.0089655558497257, 0.01651018700476796, 0.004631018907544919], [0.45113774277357166, 2.2878823968826234, 0.33773835513026906, 1.2205967408013467, 1.0768052522990312], [0.026964086101152994, 0.003715147125197095, 0.005308222878809735], [0.0192066765049593, 0.048368652369907374, 0.007088317378459319]]","[1, 1, 3, 1, 1]",9656.46266760638,10.3363896244704,5,7,1.4,4.28571428571429,21.4285714285714,831
Case: 0098,4534.73000001907,137449.185005236,26097.515483102,7951.66952213406,100000,3400,"[[1, 3, 4], [6, 9, 10], [2, 5, 7, 8]]","[[3, 4, 4], [4, 51, 10], [6, 4, 6, 3]]","[[0.019049486543434427, 0.02522804288497349, 0.007638132148649443], [0.024002994104582846, 0.0033133213830227925, 0.0935339484168609], [0.029905334843893863, 0.003732162216791954, 0.07515837398587305, 0.039509973888940564]]","[1, 5, 4]",3502.95055295236,2.61519151118819,3,10,3.33333333333333,3.4,34,95
Case: 0099,4946.75300002098,83110.5195651546,13342.4690114714,6768.0505536832,60000,3000,"[[1, 2, 4, 5, 6], [3, 7, 8, 9, 10]]","[[17, 25, 2, 12, 16], [1, 11, 6, 2, 3]]","[[0.08832643276015983, 0.3370133617229859, 0.018127649559446117, 0.3740942650089379, 0.22134043013734292], [0.03621274607985063, 0.017036088417564765, 0.036130722415242955, 0.01789001812806104, 0.014784382695889067]]","[4, 2]",3271.18052935095,4.09720392084409,2,6,3,5,50,95
Case: 0100,13651.0930001736,177961.709869887,40697.1065069045,10764.6033629824,120000,6500,"[[12], [8, 11], [1, 2, 5, 10, 13, 19, 20], [3, 4, 9, 16], [6, 7, 14, 15, 17, 18]]","[[15], [3, 9], [8, 13, 12, 4, 5, 3, 1], [1, 2, 2, 3], [6, 11, 6, 9, 11, 16]]","[[0.019932911812829177], [0.006080584338215727, 0.02125079612179779], [0.0451738723051314, 0.11630878155734072, 0.11142153681200638, 0.007434429106429965, 0.03857124549986887, 0.046436567310587026, 0.018219344829448657], [0.007759845887744413, 0.016030293841516285, 0.008733267139059713, 0.018991171438191585], [0.07024758215823503, 0.10403531756666357, 0.016369698867747657, 0.061083602851215904, 0.06787201364586043, 0.0719402185861411]]","[1, 1, 4, 1, 5]",7239.15346677729,4.24030287461501,5,12,2.4,5.41666666666667,27.0833333333333,140
Case: 0101,4263.10899996758,76529.6431861339,18777.7941677877,5751.84901834624,50000,2000,"[[1, 2, 13, 14, 15, 17], [3, 8, 9], [10, 12, 19], [5, 6, 7, 16, 18, 20], [4, 11]]","[[3, 2, 2, 4, 2, 2], [6, 2, 3], [5, 15, 0], [3, 3, 3, 3, 0, 2], [2, 29]]","[[0.01661463613892801, 0.009510206458566789, 0.00847954031292053, 0.007242922079197977, 0.013467851624786694, 0.015111155066613898], [0.013305094604483616, 0.009402678073441905, 0.0200854188842287], [0.010454623049915882, 0.026360893348456673, 0.03710220023204163], [0.00790496581719267, 0.013959109557831372, 0.028009388800555993, 0.019279192670474128, 0.036938193062564635, 0.01430735445227726], [0.007703033706129507, 0.04029755209870973]]","[1, 1, 1, 1, 1]",7771.43919577358,11.302562813978,5,5,1,4,20,91
Case: 0102,4916.91199994087,102505.159819059,14339.8504154613,4165.30940359729,80000,4000,"[[2, 5, 7, 8, 10], [1, 3, 4, 6, 9]]","[[3, 26, 17, 10, 1], [1, 2, 6, 3, 1]]","[[0.009675188579602813, 0.018688857370405744, 0.009350904161201625, 0.023256021245437776, 0.01739118665011102], [0.014958298080454594, 0.016364328960676768, 0.026170393811252784, 0.05912229656755113, 0.03187990596033454]]","[6, 2]",-3425.92740172306,-3.23410954386104,2,8,4,5,50,70
Case: 0103,1915.82500004768,68990.4484756637,12255.4304525785,4935.01802308511,50000,1800,"[[6, 8, 10], [3, 4, 5], [1, 2, 7, 9]]","[[2, 1, 0], [3, 1, 5], [14, 9, 9, 5]]","[[0.00507210196411861, 0.02289974188256752, 0.04263177564823999], [0.027066525422461823, 0.016840536185951906, 0.02073815003637545], [0.021312108933303688, 0.02475048088176051, 0.02954136182741088, 0.012132707323182706]]","[1, 1, 3]",3690.52681837595,5.65165581322574,3,5,1.66666666666667,3.6,36,49
Case: 0104,16685.4200000763,124038.199025362,22318.6248510043,6519.57417435749,90000,5200,"[[1, 5, 14, 15], [6, 9, 12], [2, 4, 8, 10, 17, 18], [3, 7, 11, 13, 16, 19, 20]]","[[4, 5, 2, 6], [4, 5, 4], [1, 1, 0, 3, 1, 1], [5, 6, 7, 2, 5, 5, 4]]","[[0.011477468431588122, 0.013362511370574013, 0.01898004360156648, 0.014680532649676923], [0.00890694916358701, 0.034154730450410176, 0.023327748648183558], [0.005473061229033123, 0.01366218256359454, 0.02885377712928361, 0.0065584497713640265, 0.010051772457704987, 0.014396983700774338], [0.013610112684312097, 0.012998153625927161, 0.019331232443180187, 0.011301492681626753, 0.006143379174101367, 0.017743562659531597, 0.012919209310029664]]","[2, 1, 1, 5]",-2920.25931385258,-2.30016916718544,4,9,2.25,5.77777777777778,28.8888888888889,71
Case: 0105,3968.96099996567,564015.321607304,32749.3337210315,11265.9878862722,500000,20000,"[[8, 15], [1, 5, 13, 18], [2, 4, 7, 9, 11, 12, 17], [3, 14, 16], [6, 10, 19, 20]]","[[2, 5], [4, 5, 2, 5], [3, 4, 2, 2, 2, 1, 1], [2, 2, 15], [7, 5, 2, 8]]","[[0.019010185897574715, 0.07847680962963606], [0.0717769880948471, 0.03396660543799532, 0.009528867678196879, 0.004752347799588137], [0.009549863016988446, 0.024052551480104038, 0.06006866521663401, 0.01006871058647231, 0.009561764003370386, 0.02918431284216137, 0.016255559193540076], [0.015083887789027278, 0.05638976128424353, 0.04150904464247196], [0.023727267566465832, 0.05082182231895756, 0.025558245647933395, 0.007043895198061622]]","[1, 1, 1, 1, 1]",-6915.01929712226,-1.21118441282486,5,5,1,4,20,79
Case: 0106,2840.02400016785,868423.933325083,33646.7930362541,9777.14028882858,800000,25000,"[[3, 4, 10], [1, 2, 5, 7, 8], [6, 9]]","[[4, 16, 12], [5, 1, 3, 3, 3], [10, 22]]","[[0.018357643270514524, 0.005077394680388439, 0.106372296624745], [0.043560876779327996, 0.04043279400280569, 0.0018457937135687023, 0.011645627658805146, 0.019706398981626568], [0.051836917150597024, 0.09831392798564771]]","[3, 2, 3]",-98601.6491381454,-10.1963847623333,3,8,2.66666666666667,3.125,31.25,79
Case: 0107,1481.49000000954,457354.062316446,30352.9218288412,9001.14048760477,400000,18000,"[[3, 4, 5, 9], [1, 2, 6, 7, 8, 10]]","[[6, 8, 9, 6], [10, 4, 6, 4, 3, 3]]","[[0.031565894966140304, 0.06999546129352582, 0.10564925006740106, 0.018166118999539613], [0.041790438916465195, 0.01616089637553509, 0.011541593485559597, 0.022166627177812946, 0.034354093239056666, 0.03304726322678601]]","[3, 1]",-24856.4693923429,-5.15469235071663,2,4,2,4.5,45,59
Case: 0108,7489.73000001907,982771.401128013,125810.151428962,32961.2496990511,800000,24000,"[[3], [11, 16], [15, 17], [4, 14, 18], [12, 13], [2, 6, 10, 19], [1, 5, 7, 8, 9, 20]]","[[12], [5, 11], [46, 7], [5, 15, 18], [19, 11], [11, 6, 7, 10], [5, 8, 2, 2, 12, 8]]","[[0.036510105299331595], [0.016452406639506, 0.06934452509352912], [0.05480161141191338, 0.03727788582185304], [0.028737564257574844, 0.03751981194680473, 0.09837655994812347], [0.05545231207215139, 0.05343437861901729], [0.082365107947155, 0.012586941962744333, 0.043840390106314825, 0.059114623821450406], [0.008714737888208864, 0.033781735841106, 0.010020229762781734, 0.014527881132660143, 0.08046771095179231, 0.05747521607172891]]","[1, 1, 1, 1, 1, 2, 1]",-127244.791681634,-11.4633275177324,7,8,1.14285714285714,3,15,220
Case: 0109,9593.87199997902,581078.685507322,45223.8144801604,12854.8710271617,500000,23000,"[[4, 8, 10, 11, 14, 18, 19], [1, 9, 15, 17], [2, 3, 5, 12, 13, 20], [6, 7, 16]]","[[2, 6, 1, 2, 7, 3, 2], [3, 13, 4, 4], [8, 7, 4, 6, 2, 4], [3, 62, 2]]","[[0.008400828617286978, 0.023101423404697743, 0.01412079084110371, 0.015165412639129322, 0.02902948192817443, 0.01138624007705502, 0.023731251760112697], [0.05336632794659732, 0.028704965947418483, 0.019387417567598965, 0.01972890217912717], [0.03606099694844362, 0.047944359886800514, 0.02342257130367994, 0.025977225854707298, 0.06248577350041241, 0.01723498349859797], [0.012552092572136405, 0.05899196709968557, 0.038774953323637604]]","[1, 1, 1, 2]",2263.13043316046,0.390993367977213,4,5,1.25,4.6,23,145
Case: 0110,1679.07400012016,1066834.73455113,38854.2758525431,8980.45869858547,1000000,19000,"[[5], [1, 2], [10], [6, 7, 9], [3, 4, 8]]","[[47], [11, 5], [20], [6, 10, 49], [6, 3, 1]]","[[0.025401951872010047], [0.022077990758316977, 0.029219113639171176], [0.021898828581725965], [0.012179056562629166, 0.025959257875061183, 0.03868115262856008], [0.05858066444048895, 0.0067508433106155865, 0.009038148799916056]]","[3, 1, 2, 3, 1]",58201.3335719606,5.77031590620135,5,10,2,1.9,19,158
Case: 0111,2023.24699997902,557748.785363647,30484.5005636809,9264.28479996569,500000,18000,"[[2, 4, 7, 10], [5, 9], [1, 3, 6, 8]]","[[9, 15, 11, 7], [13, 14], [8, 1, 2, 7]]","[[0.02695552671989761, 0.014196375977476097, 0.010797741093475512, 0.05115842097225224], [0.034061530767136944, 0.02536072399602569], [0.08253736936615515, 0.02943107632624803, 0.04234007950679951, 0.010807413608252811]]","[3, 1, 1]",8911.73113555962,1.62374808094791,3,5,1.66666666666667,3.6,36,87
Case: 0112,6894.15100002289,1062866.2249036,101533.052214689,27333.1726889158,900000,34000,"[[2, 8], [4, 7, 10, 12, 16], [9, 19], [3, 5, 6, 11], [13, 14, 17], [1, 15, 18, 20]]","[[4, 78], [29, 34, 10, 3, 2], [7, 26], [6, 1, 10, 6], [18, 14, 4], [6, 29, 4, 10]]","[[0.052612835053214, 0.23150742574762448], [0.05263554349182923, 0.08593569106963386, 0.061987534793012104, 0.017769523371282, 0.027389667105060578], [0.05932470595548444, 0.076143513192518], [0.033152317975676, 0.040319484982671176, 0.03641944035516632, 0.081868143035171], [0.0472650145310063, 0.12693517395155293, 0.036031613996498665], [0.08458801374294238, 0.05207283926195172, 0.024741905370537776, 0.04959278810578609]]","[1, 3, 1, 1, 1, 2]",-31601.2472078016,-2.88736285116246,6,9,1.5,3.77777777777778,18.8888888888889,301
Case: 0113,8616.36199998856,114388.642295997,22543.8477983223,7844.79449767471,60000,24000,"[[9, 16], [1, 4, 5, 13], [6, 7, 8, 11, 14, 17, 20], [2, 3, 19], [10, 12, 15, 18]]","[[4, 6], [2, 3, 2, 1], [2, 3, 1, 1, 1, 0, 2], [2, 2, 4], [4, 2, 3, 1]]","[[0.013890775149191223, 0.028363658992493594], [0.015492979507024301, 0.003218195555287274, 0.01823094231879161, 0.02921540967638193], [0.001456070854497338, 0.0019518745256197122, 0.013708928811862916, 0.0034752253472466327, 0.01065797221556801, 0.015922089966510067, 0.005494347772795013], [0.02129176509697734, 0.018348211849790054, 0.009178115876673339], [0.03200015231612109, 0.01669644357009388, 0.026814146803573503, 0.02485682984707636]]","[1, 1, 1, 1, 2]",1517.96231360571,1.34486858220622,5,6,1.2,4,20,46
Case: 0114,2791.03199982643,162934.57551491,34912.3083490536,10022.2671658561,100000,18000,"[[8, 10], [6], [5, 9], [2, 4], [1, 3], [7]]","[[7, 14], [6], [6, 2], [3, 3], [8, 9], [5]]","[[0.02337690341359242, 0.008200512465517104], [0.022642664932690383], [0.002854563724923937, 0.0071840677127026605], [0.024117229105015847, 0.03731966820814505], [0.04183766019773577, 0.06426799671869896], [0.01789640785387107]]","[3, 1, 1, 1, 3, 1]",-2509.89225941375,-1.51706025180449,6,10,1.66666666666667,1.8,18,63
Case: 0115,1274.22600007057,94955.2348680145,16476.4395273629,5478.79534065157,60000,13000,"[[2, 3, 9], [1, 6, 7, 10], [4, 5], [8]]","[[1, 2, 3], [4, 5, 4, 2], [20, 92], [10]]","[[0.003528467568959045, 0.03792369070097211, 0.025015772538933632], [0.001890238541721247, 0.005092754542787384, 0.0048384188742125805, 0.018625136601872046], [0.060729448247190336, 0.8321468093933522], [0.02617548552889785]]","[1, 1, 2, 2]",2147.76434597038,2.31421493753591,4,6,1.5,2.16666666666667,21.6666666666667,143
Case: 0116,5786.54399991035,182896.695797536,38368.152957442,12528.5428400937,100000,32000,"[[1, 3, 18], [9, 10, 14], [6, 15, 19], [2, 13, 20], [5, 11, 17], [4, 7, 8, 12, 16]]","[[3, 4, 8], [5, 5, 4], [1, 2, 4], [1, 4, 3], [4, 3, 2], [2, 4, 2, 1, 3]]","[[0.02189868514874709, 0.027366651369762122, 0.022417049068500575], [0.03257981692438279, 0.04512967936232978, 0.0364690377623554], [0.015364860073756611, 0.0012868282990421247, 0.026547425967601134], [0.02286020674655, 0.026730963701921948, 0.018577527543016996], [0.010220283384031328, 0.00331104118641525, 0.018740666655802263], [0.04012570496339042, 0.020554239402155387, 0.01317190866868415, 0.03452046222834176, 0.002455397140253473]]","[3, 3, 1, 1, 1, 1]",-21551.5214287036,-10.5413105191595,6,10,1.66666666666667,3.2,16,65
Case: 0117,3817.22699999809,112968.686938086,17543.7832936155,5424.90364447038,70000,20000,"[[6, 8, 14, 15, 19, 20], [11, 13, 18], [2, 9, 17], [3, 5, 10, 16], [7], [1], [4, 12]]","[[1, 1, 0, 0, 1, 1], [8, 6, 6], [7, 6, 1], [2, 2, 3, 2], [11], [19], [6, 1]]","[[0.009928085511002419, 0.0036068030359334667, 0.019258520406026967, 0.00873422288779799, 0.019354309256113665, 0.008267429801476838], [0.008559159650608066, 0.010923222662740711, 0.01238238228043012], [0.005665374451756696, 0.020421543063269598, 0.013438485898646848], [0.021993944086162773, 0.009818295048601667, 0.00457589983770592, 0.019145601600050025], [0.008812181651462362], [0.009751417343644476], [0.009211131098950776, 0.004607846106922807]]","[1, 1, 1, 1, 1, 1, 1]",-28540.0844825471,-20.1684207954234,7,7,1,2.85714285714286,14.2857142857143,84
Case: 0118,2784.76600003242,161279.721105817,24628.9105297125,5650.81057610465,110000,21000,"[[3], [2, 6], [1, 8], [4, 9, 10], [5, 7]]","[[41], [7, 34], [4, 3], [4, 3, 5], [2, 4]]","[[0.023069722128372407], [0.008710843090234302, 0.018877493156725458], [0.01857550831699291, 0.010374406581392409], [0.018355694606725276, 0.023852281123878476, 0.011147501163347076], [0.018295534682802334, 0.027078999935592957]]","[3, 4, 1, 2, 1]",-3978.72140255224,-2.40757527552684,5,11,2.2,1.90909090909091,19.0909090909091,107
Case: 0119,2095.01200008392,97590.9238634537,18530.6046196522,4060.31924380145,60000,15000,"[[6, 10], [3], [1, 4, 8, 9], [2, 5, 7]]","[[11, 6], [5], [2, 1, 3, 3], [9, 7, 7]]","[[0.027738404796628188, 0.024837460643753237], [0.012841465753027788], [0.02980281171958737, 0.0025578095295308244, 0.013297191670665823, 0.010344850944415814], [0.02319985007988001, 0.025150178273654053, 0.01697029477231843]]","[2, 1, 1, 2]",-4671.33943579966,-4.56799926491923,4,6,1.5,2.5,25,54
Case: 0120,4133.77800011635,189924.640409374,32884.5420479704,9040.09836140314,120000,28000,"[[14, 19], [8], [6, 9, 18, 20], [10], [2, 3], [5, 13, 15], [16, 17], [1, 4, 7, 11, 12]]","[[3, 3], [22], [3, 1, 2, 1], [8], [16, 4], [10, 2, 4], [7, 7], [1, 1, 5, 1, 2]]","[[0.02682328221521681, 0.01712142310546813], [0.029570582565130062], [0.012819990096267855, 0.023239717825842006, 0.020582071345055637, 0.01976792366676929], [0.028235255997749117], [0.04671203227443722, 0.00890091261644821], [0.028178374760541757, 0.025213210716506663, 0.009102681233582502], [0.025494768760456955, 0.014562989377210348], [0.008846052511109719, 0.01088977358700562, 0.021730698268517937, 0.03401761960499405, 0.010437895220064745]]","[1, 2, 1, 1, 2, 2, 2, 1]",-2002.66543991363,-1.04344998282123,8,12,1.5,2.33333333333333,11.6666666666667,103
Case: 0121,5907.29099988937,857354.576152752,44501.6070145333,12852.9691382185,600000,200000,"[[6], [2, 5, 15], [13], [10, 12, 20], [1, 3, 4, 7, 8, 9, 11, 17, 18, 19], [14, 16]]","[[9], [4, 5, 6], [25], [3, 5, 1], [1, 1, 0, 1, 2, 1, 2, 4, 2, 1], [6, 6]]","[[0.06380076724522421], [0.007747646091776475, 0.008158472017150621, 0.0008217205479607834], [0.27297934088228964], [0.01223588864743912, 0.06390441921087105, 0.001596864917842462], [0.012144168561591166, 0.011394196637922066, 0.009789600618433812, 0.021582693005643874, 0.013146213237623713, 0.001728066327428283, 0.0040071101440364056, 0.008283928845822037, 0.004200781160233158, 0.0023245446235453365], [0.009153437274636408, 0.007860450993863087]]","[1, 1, 1, 1, 1, 1]",-12927.3185575593,-1.48541738442834,6,6,1,3.33333333333333,16.6666666666667,85
Case: 0122,1739.07899999619,1269080.23112664,133356.468820542,35723.7623060942,900000,200000,"[[4, 6], [2, 3, 10], [8], [5, 7], [1, 9]]","[[13, 12], [51, 12, 7], [27], [19, 23], [14, 17]]","[[0.029113998313209967, 0.09359322061119627], [0.2330310320097305, 0.07950723764076874, 0.060125056969699615], [0.039436261077564795], [0.13579919192282064, 0.18363951179332874], [0.08250190423117262, 0.06220512265441917]]","[1, 3, 1, 2, 2]",588.637273041997,0.046404507203217,5,9,1.8,2.22222222222222,22.2222222222222,195
Case: 0123,908.651000022888,678682.128215149,45136.9617630066,13545.166452142,500000,120000,"[[1, 2, 5], [6, 10], [3, 7, 8], [4, 9]]","[[9, 9, 11], [16, 24], [5, 6, 7], [9, 4]]","[[0.08285372547510925, 0.03593166554169292, 0.055948211320272306], [0.05685058087823579, 0.04440092276068216], [0.04447928458063774, 0.10881776877885158, 0.029114436139069444], [0.08495266482918618, 0.02413135176419328]]","[1, 2, 1, 1]",-22815.0118089414,-3.25233140767443,4,5,1.25,2.4,24,100
Case: 0124,10015.6689999104,1382316.53294201,96753.9638056868,25562.5691363229,1000000,260000,"[[3, 4, 6, 15], [12], [5, 7, 8, 17, 18], [9, 14], [2, 20], [1, 10, 13, 16], [11, 19]]","[[4, 6, 3, 9], [6], [3, 8, 7, 2, 4], [12, 19], [28, 20], [2, 3, 7, 5], [17, 15]]","[[0.01795620741829949, 0.017170997009082763, 0.02517152265208495, 0.008006531646082289], [0.05761800319432479], [0.007084152640447544, 0.05491732758875099, 0.020424570463903634, 0.006850085680190578, 0.01786635104941612], [0.08026452006496876, 0.12640719653443577], [0.13942603235132464, 0.07353649336785206], [0.0064448324648805864, 0.00801416440299469, 0.008195928098470277, 0.019378210530488556], [0.1130046698685372, 0.1477201237261846]]","[1, 1, 1, 3, 1, 1, 2]",-326047.049980815,-19.0853430288524,7,10,1.42857142857143,2.6,13,180
Case: 0125,3727.75900006294,745457.059409355,34959.5357667477,10497.523642607,500000,200000,"[[1, 2, 3, 13, 20], [5, 8, 10, 12, 15, 18, 19], [4, 6, 7], [9], [11, 14, 16, 17]]","[[3, 1, 3, 1, 1], [3, 2, 3, 13, 4, 1, 1], [20, 1, 2], [62], [2, 4, 9, 6]]","[[0.02279589451875599, 0.014413872536924348, 0.010043032358557967, 0.015857596765538925, 0.038792421686807646], [0.006668591279506077, 0.012116904599563001, 0.005795911640124152, 0.040754676922774326, 0.0260000457048545, 0.017773622210889163, 0.010570605344332821], [0.05314222921265034, 0.013667621196967182, 0.011784450375686314], [0.023509517310087904], [0.0106454744628125, 0.02712486929198983, 0.02953271225014253, 0.018447658598889683]]","[1, 1, 1, 1, 1]",-73986.4225598616,-9.02886217144149,5,5,1,4,20,142
Case: 0126,2318.03299999237,1041854.30840224,33090.6976864199,8763.61071581623,800000,200000,"[[3, 7], [1, 2, 5, 8, 9, 10], [4, 6]]","[[42, 12], [12, 7, 2, 12, 2, 2], [20, 9]]","[[0.03360426564290977, 0.006232230009793276], [0.04853446678433334, 0.06761395118479456, 0.015117400783022776, 0.10143722492486934, 0.012801441287640148, 0.016102540516951543], [0.02448180558738627, 0.0075368157444204165]]","[4, 1, 3]",-144108.741904454,-12.1511999777049,3,8,2.66666666666667,2.5,25,120
Case: 0127,1495.36600017548,571686.665993384,33089.7970886896,8596.86890469471,400000,130000,"[[3, 5, 10], [1, 2, 6], [4, 7, 8, 9]]","[[4, 14, 8], [18, 6, 5], [12, 4, 8, 3]]","[[0.030374890243194702, 0.03274295177697928, 0.018671576290733207], [0.03067366937365095, 0.019593922266243298, 0.0237445300231657], [0.031161205176390993, 0.01162805044981988, 0.07238083661394762, 0.037970519728651245]]","[1, 2, 1]",14148.533673523,2.53767999951005,3,4,1.33333333333333,3.25,32.5,82
Case: 0128,4913.71700000763,1099709.71697943,62323.6207657433,17386.0962136829,800000,220000,"[[10, 17, 19], [4, 5, 11, 20], [12, 14], [7], [1, 6, 15], [2, 13, 18], [3, 8, 9, 16]]","[[9, 3, 5], [7, 6, 2, 2], [31, 13], [17], [4, 17, 2], [21, 14, 4], [2, 2, 16, 9]]","[[0.04181225361211547, 0.03504824256569189, 0.06189307378116098], [0.02238076132073204, 0.06508642081792193, 0.01580744090656021, 0.012307355747460192], [0.09884797427421901, 0.024293349653106158], [0.047755786529299786], [0.038107876014258774, 0.05297426727085577, 0.019410865275722614], [0.07107937231636834, 0.07588925494402898, 0.042070549020389245], [0.03410246302576278, 0.01002607929346011, 0.06785864349787332, 0.039513367609344804]]","[1, 1, 2, 1, 1, 1, 1]",-442636.135350191,-28.6988897257782,7,8,1.14285714285714,2.75,13.75,186
